DNI_Cliente,Nombre,Apellidos,Telefono
76860750D,Ana,Díaz García,647655663
12747716C,Juan,Sánchez Díaz,664649057
65313174V,Juan,Martínez Díaz,635392170
89575657H,Miguel,Rodríguez Sánchez,692109695
42061959D,Laura,Pérez López,612922285
28589064L,Carlos,Rodríguez Pérez,629640680
37103795S,Ana,Gómez Gómez,693996137
48071290E,Pedro,López García,698182333
33423882D,Pedro,Gómez Sánchez,696594049
80349253G,Juan,López López,614198806
23660234F,María,Martínez Rodríguez,679905292
71961777X,Carlos,Rodríguez Sánchez,630347889
67409563U,Carlos,García Rodríguez,692063697
83943020S,María,Rodríguez Rodríguez,617911200
58271132E,Ana,Moreno Sánchez,651137945
36352942M,Ana,Díaz Díaz,625323029
32039366K,Lucía,Gómez Pérez,623740031
79471383F,María,López Moreno,681281324
65569690P,Laura,Pérez López,685476969
12975330L,Laura,Rodríguez Rodríguez,632168660
00340478H,Juan,García Gómez,635033594
15485947J,Lucía,Fernández Moreno,664229513
80203073R,Laura,Moreno López,699933570
30931818M,Laura,García Fernández,625819938
17320054F,Pedro,Moreno García,696255653
94018190Z,Carlos,Pérez Sánchez,626456893
51264442D,Sofía,Rodríguez Rodríguez,625983435
80291049L,Ana,Díaz Rodríguez,648649311
87589405C,Laura,Sánchez Díaz,618714998
78508816G,Carlos,Martínez López,687406406
40099194O,Laura,Gómez Díaz,639644638
12474301I,Laura,Fernández Sánchez,693058968
48366964K,Juan,García Martínez,628346277
41725409K,Lucía,Pérez Sánchez,630398400
56744222S,Sofía,Fernández García,642406400
04602486D,Lucía,Sánchez Martínez,614657369
12014196K,Juan,Martínez Moreno,651123155
55019073X,Pedro,Martínez Fernández,621605884
22607909X,Javier,Pérez Rodríguez,629610202
46351350L,Ana,García García,624135159
11566189V,María,Sánchez Gómez,610165402
49394766R,Pedro,Gómez Sánchez,670285521
88801448A,Miguel,López Sánchez,620702409
65028882G,Laura,Gómez López,618957472
44097746Y,Ana,Rodríguez Martínez,688284142
50589846B,María,García Pérez,632121676
45339139N,Sofía,Fernández Díaz,676877501
73207070V,Miguel,Sánchez Rodríguez,672685891
52438954O,Javier,López Díaz,636261139
77059883G,Lucía,López García,621157200
72393269E,Ana,Moreno Martínez,690847264
52220189S,Pedro,Moreno Rodríguez,625022207
39227492V,Juan,Díaz Sánchez,625539866
76943503A,María,Fernández López,617015659
79625162Q,Pedro,López Moreno,612890891
94581978R,Pedro,Martínez Sánchez,658610637
78351798T,Ana,Díaz Gómez,688737038
81179997Y,Miguel,López Rodríguez,689974613
34369598A,María,García Sánchez,671318799
73546787R,Miguel,Moreno Sánchez,664606626
52778956H,Sofía,Pérez Pérez,673921526
24977296Y,Javier,Martínez López,698733063
05872315D,Juan,Fernández Moreno,656838824
27743852I,Lucía,Martínez Fernández,662885982
36443888R,Ana,López Gómez,653894304
51133521J,Carlos,Gómez López,620236726
96638656N,Pedro,García Moreno,666688823
47847221P,Laura,Martínez Moreno,616418458
03086256O,Juan,López Rodríguez,626454233
01375492A,Carlos,Gómez Martínez,637532145
80436256W,Juan,Díaz Pérez,644480139
39829304E,Sofía,Moreno Martínez,617196232
40888632G,Ana,Díaz García,636438001
51461667F,Ana,López Moreno,624526988
23222762J,Carlos,Pérez Fernández,666222120
78773103V,Laura,Pérez Moreno,697654557
97639656L,Ana,Fernández López,651004606
40125832K,Sofía,Rodríguez Fernández,670737081
79377045L,Sofía,Pérez Moreno,678324050
54601621G,Juan,Moreno Rodríguez,694836791
82254195J,Carlos,Rodríguez Fernández,654927001
08068620K,Laura,Fernández Díaz,666268258
69302218M,Javier,Sánchez Díaz,626277725
89795718U,Javier,Díaz Pérez,616497285
38899835S,Javier,Fernández Rodríguez,699277194
94250580C,Miguel,Rodríguez Gómez,653547254
17451522G,Juan,Sánchez Fernández,615709979
36986600W,Pedro,Díaz López,626556260
58102074G,Javier,Martínez Sánchez,629953835
86551731W,Miguel,López Martínez,687335102
47572466N,Laura,Pérez López,650244119
75407009L,Laura,García Pérez,610314383
97141354L,Lucía,Martínez Moreno,620717667
76823363C,Sofía,Moreno Martínez,698094774
42637981U,Pedro,Fernández Sánchez,647469887
88752199F,Carlos,Díaz García,639086648
56770341O,María,López Pérez,641358777
96726522B,Pedro,Martínez Fernández,695670075
74331277Z,Carlos,Rodríguez Pérez,696720742
03768025H,María,Fernández García,699962562
05496452V,Juan,Moreno López,645445815
54015968Q,Juan,Sánchez Sánchez,632290554
95578294E,Javier,Díaz Rodríguez,665094726
29429771P,Carlos,Fernández Martínez,621132291
32547171U,Juan,Fernández García,685826208
56929654S,Carlos,Gómez Rodríguez,693872644
01859420I,María,Gómez Sánchez,626462603
03996023F,Pedro,Díaz Gómez,654242009
45853484G,Laura,García Sánchez,674942715
40212314F,Lucía,Díaz Sánchez,689246376
06410522Q,Carlos,Rodríguez Rodríguez,698635672
49758820V,Lucía,López Gómez,669565414
17334945F,Pedro,Sánchez Fernández,620933235
38213132C,Sofía,Gómez Pérez,695791890
66644726K,Sofía,López Rodríguez,655414975
48706931V,Carlos,Gómez Gómez,630573176
55477225V,Miguel,Martínez Díaz,633632714
54036478P,Carlos,Martínez Pérez,627113525
44206134G,Javier,Moreno Rodríguez,651869461
21301349P,Carlos,López García,675306516
10727509Z,Javier,Pérez Moreno,675090460
07186429D,Sofía,Pérez López,675359120
92274576Q,Lucía,Sánchez Gómez,676070629
81551349U,Javier,Rodríguez Martínez,625175362
71565559E,Juan,Gómez López,692698074
94601042T,María,Sánchez Martínez,665509609
62270037C,Laura,García Díaz,645396937
84948254N,María,Díaz López,650713059
93497318B,Javier,Martínez Gómez,626293603
29487496C,Javier,Moreno Moreno,674958375
49637652Z,Pedro,Rodríguez Rodríguez,647068096
32864230Z,Ana,Díaz Sánchez,680318267
33189366P,María,Díaz Díaz,666798543
00957597Z,Javier,García García,657423139
77082224R,Juan,Rodríguez Moreno,654961712
49999773W,Ana,García Fernández,619683196
16415373G,Pedro,Moreno Martínez,667158499
06740413E,Juan,Rodríguez Rodríguez,694962286
55347978P,Laura,Gómez García,614432409
89466728C,Miguel,García Gómez,638909816
32509331R,Ana,Rodríguez Pérez,669646963
42269145O,Juan,Díaz Gómez,677846621
56661001I,Juan,Moreno Pérez,621802028
46371140E,Carlos,Rodríguez López,655646174
31473413U,Pedro,Díaz Gómez,653511890
47409062S,Sofía,García Sánchez,693301227
28083817A,Laura,Martínez Pérez,639751716
35301066I,Sofía,García García,669274784
89092300L,Juan,Gómez Gómez,686999192
99533379U,Miguel,Moreno Pérez,681098375
24398073V,Miguel,Moreno Pérez,652723729
42965283H,Lucía,Díaz Díaz,690125346
94329023D,María,Martínez López,695322512
80518263A,Lucía,Rodríguez Pérez,639601439
26519502V,Miguel,Fernández García,657361118
89220447E,Carlos,García Gómez,686203766
63808436E,Laura,Moreno López,686673141
35869080W,Juan,Pérez Sánchez,684495152
31022797C,Miguel,García Moreno,628513039
38327644Y,Juan,Gómez Díaz,676820594
35805017O,Sofía,López Moreno,629580835
47616940Z,Javier,Martínez López,650448706
62096918O,Javier,Díaz Rodríguez,621894916
56624235T,Laura,Rodríguez López,661034814
29418992V,Pedro,Pérez Gómez,626935174
13782783G,Juan,Rodríguez Moreno,679805144
19900723L,Sofía,Pérez Martínez,627456504
11115942S,Miguel,Pérez Martínez,672614175
22413704W,Laura,Pérez Díaz,618137538
52662187J,Juan,Gómez Gómez,646688350
49732387F,María,Díaz Rodríguez,645383304
03114964F,Pedro,Gómez García,632658532
61269465S,Juan,Moreno Pérez,621330155
33735438O,Lucía,Gómez Díaz,695522846
64281795U,María,Sánchez García,693450004
86361972T,Sofía,Fernández Gómez,688712153
70844424Z,Miguel,García Gómez,651687891
48096907K,Juan,López Sánchez,638812287
77636650H,Pedro,Sánchez Pérez,633869412
80623719R,Miguel,Pérez García,696918049
28988038J,Juan,Gómez Fernández,630399143
31232118N,Sofía,Pérez Gómez,655449790
38039827K,Laura,López Fernández,630138492
10700383H,Ana,Fernández Pérez,669243779
12645916P,Sofía,Pérez García,616984209
83896699M,Javier,López Gómez,691779553
77948673M,Pedro,Moreno López,686815419
47223012F,Miguel,Gómez Rodríguez,646365884
40301611K,Miguel,Rodríguez Pérez,681591283
00404765Q,Pedro,Díaz Gómez,687579074
00916414O,Pedro,Rodríguez Díaz,650862994
67768092I,Lucía,Martínez Sánchez,664874384
28875559G,Ana,Pérez Sánchez,660591221
24507305V,Javier,Martínez Pérez,642934986
98887003I,María,López Moreno,645330434
67463344C,Lucía,Martínez Moreno,655535281
13414633Y,Carlos,García Gómez,656733777
24579667S,Miguel,Martínez Fernández,670440827
11443498I,María,López Martínez,626569157
62797191J,Miguel,García Rodríguez,660526087
84770741W,Pedro,Martínez Rodríguez,638195823
78396106E,Juan,Díaz Díaz,674579062
55481645U,Pedro,Martínez Martínez,612387608
19367966D,Carlos,López López,626866210
59907913M,Pedro,García García,679710251
47984461M,Ana,García López,649804827
98755908Z,Pedro,Pérez Moreno,637553807
85467537D,Carlos,Pérez Moreno,685944633
00896636N,Miguel,López García,626742745
27324577A,Lucía,Moreno Díaz,698358195
71194049O,Lucía,García Gómez,640971964
51155066V,Laura,Díaz Fernández,610744998
43541497O,Pedro,Gómez Pérez,643620645
96212022K,Miguel,Martínez Rodríguez,660755925
27103926T,Pedro,López Martínez,613153316
52454011W,Lucía,Martínez Fernández,677264478
79838949N,Carlos,Moreno Fernández,675598365
57587548U,Ana,Fernández Sánchez,667240967
00019993H,Juan,Pérez Gómez,685911923
14557558E,Sofía,López López,639147181
67263872Y,María,Díaz García,676864157
05362374G,Ana,Moreno Gómez,621382578
48979568L,María,Díaz Martínez,637847350
52169746V,Juan,Fernández Pérez,660795915
43964499M,Carlos,Rodríguez Gómez,617407302
71672660C,Sofía,García Fernández,631921231
71893813F,Ana,Díaz López,645476538
79859354Y,Miguel,Sánchez Sánchez,675906716
01012751N,Miguel,Rodríguez Moreno,649940747
54928459J,María,Martínez Martínez,632576049
34718637F,Lucía,Fernández Martínez,613321004
40084555P,Laura,Moreno Martínez,672853028
30654892L,Carlos,Rodríguez García,619288183
36918864X,Javier,Sánchez Rodríguez,631852425
28260323M,Ana,Martínez Díaz,644992254
28944710O,Carlos,López García,614378507
35756121Z,Sofía,Martínez Pérez,646880086
33892631H,Ana,Rodríguez Rodríguez,690545375
52682128J,Ana,Sánchez Moreno,612541487
11310081W,María,Pérez García,666163176
40489594K,Pedro,López Martínez,644640433
28844753W,Pedro,Rodríguez García,695645925
36843392P,María,Gómez Fernández,670370283
72141600F,Miguel,Fernández Gómez,619731497
47441409D,Carlos,Moreno García,654246021
81516346O,Sofía,Pérez López,685018325
78155651U,Lucía,Díaz Martínez,687726409
96190809W,Ana,Pérez Díaz,642189894
13857625I,Lucía,Gómez Pérez,628880774
14701994M,María,López García,634968530
38772617O,Lucía,Rodríguez López,646116676
26402006D,Pedro,Moreno Rodríguez,679073238
34728298X,Sofía,Rodríguez Rodríguez,620822118
44507402X,Juan,Pérez García,676850034
50701689W,Laura,Pérez Pérez,679424386
11529768I,Lucía,Rodríguez Díaz,656483095
27009521H,Carlos,Pérez Díaz,686470400
08346749T,Miguel,Martínez Díaz,645284410
38728300Y,Miguel,Rodríguez López,686035494
87197542C,María,López Sánchez,658805541
59372583Y,Ana,Sánchez López,668618886
46093104L,Laura,Gómez García,673517821
59257338A,Pedro,Sánchez López,669473530
15040046O,María,Gómez Sánchez,614646211
93933327X,Javier,Sánchez Moreno,683842094
86362802V,Miguel,García Díaz,656750912
30360761W,Pedro,García Rodríguez,626690177
76601461L,Juan,Pérez Pérez,637726971
88653865G,Laura,Gómez Rodríguez,656805415
45421175I,María,Gómez Fernández,687597013
44439229X,Sofía,Pérez Sánchez,663347451
18741014G,Ana,Sánchez Pérez,691668011
25630186T,Javier,Gómez Gómez,610861575
88969871H,Juan,Sánchez Rodríguez,666249358
50197572W,Pedro,Gómez Moreno,635794158
51251616C,Sofía,Moreno Pérez,628649460
08972568X,Laura,Moreno Gómez,671328166
42875708C,Pedro,Rodríguez Moreno,650428780
58023039Z,María,Díaz Rodríguez,658478204
87380747R,Lucía,Rodríguez Martínez,625818348
33370916C,Javier,Sánchez Pérez,650250642
28657897B,Carlos,García Fernández,679226753
91860561T,Javier,Díaz Moreno,620310957
12895794P,Carlos,Sánchez Rodríguez,632259026
21117455L,Sofía,Fernández Pérez,614126561
21291802Y,Ana,Pérez García,650346835
38729045H,Sofía,Díaz Fernández,675339657
04942557T,Sofía,Gómez Gómez,618655887
92053551Y,Carlos,Martínez Pérez,693799018
31775318D,María,Martínez Sánchez,690966028
39629301L,Ana,Pérez Sánchez,631374394
59806376M,Miguel,Sánchez Sánchez,688088433
99117832F,María,García López,664047421
96561649S,María,Fernández Martínez,684967817
99704011Q,Ana,Pérez López,642500394
85332071W,Javier,Fernández Rodríguez,620232547
30124321W,Sofía,Pérez Rodríguez,624272513
24123156M,Miguel,Gómez Rodríguez,650539229
62163937R,Juan,Sánchez Martínez,666620310
04671388K,Ana,Fernández López,653637707
86623568N,Sofía,Díaz Sánchez,663011753
06521145U,Laura,Pérez López,679354744
31248366N,Juan,Rodríguez Fernández,611567746
90435586B,María,Gómez Rodríguez,678479853
34463979L,Pedro,Rodríguez Pérez,622531953
43445076M,Pedro,López Pérez,621353112
35752538T,Ana,García Pérez,614643687
78446448I,Ana,Moreno Moreno,656884012
49690583E,Juan,García Fernández,688288466
85869897U,Laura,Sánchez Fernández,686365878
14523835X,Ana,Pérez López,646407220
31723731A,Lucía,Sánchez Martínez,698544880
00725374A,Javier,Rodríguez Pérez,668117257
84820483V,Laura,López Sánchez,639660019
56410927K,Juan,Gómez Fernández,633133087
96469917K,Laura,Díaz Moreno,636839091
81984013P,Laura,Rodríguez Fernández,674413202
96103471W,Javier,Fernández Gómez,667436268
10826332L,María,López López,648397086
87637904G,Sofía,García Pérez,679754865
08170430M,Javier,Moreno Gómez,655128050
77134699P,Pedro,Sánchez Rodríguez,673028280
70862154K,Ana,Gómez Díaz,680074917
62788974A,Laura,Rodríguez García,615496110
81154838A,Miguel,Martínez Gómez,676414766
15702072D,Pedro,Pérez Sánchez,672745524
33506889D,Ana,García Moreno,643444145
26090448M,María,Gómez Gómez,645420555
66590858G,Laura,Sánchez Rodríguez,684870399
22259181F,Laura,Sánchez López,628788319
94131951H,Carlos,Gómez López,628995696
35946754V,Juan,Díaz Sánchez,644565518
01630043Z,María,Díaz Sánchez,685932669
07393740Y,Juan,García Gómez,629733801
04714347Y,Laura,Moreno García,618484446
73529286T,Pedro,López Sánchez,651084489
02553780L,Laura,Fernández Sánchez,632874472
70650133B,Lucía,Pérez López,683337247
15872273I,Pedro,Díaz López,612312118
40520806T,Javier,Gómez García,663051546
95901358V,Javier,Pérez Fernández,654564624
42181023S,Laura,García Moreno,657874050
05146313U,Laura,Gómez Pérez,689101069
24663917O,Juan,López García,638709043
23386267R,Javier,Gómez Fernández,681016182
95619643Y,Ana,Moreno Fernández,658359481
80023861V,Laura,Pérez Gómez,624678329
58880081V,Sofía,Sánchez Moreno,642919859
03757329K,Carlos,López Rodríguez,677600013
42365234J,Miguel,Fernández López,649840689
38649749P,Javier,Díaz Díaz,683999000
85788333B,Carlos,Díaz Pérez,635253552
36087343K,Lucía,Sánchez Sánchez,660951553
78951500X,Miguel,Fernández Fernández,683100423
16876036K,Juan,López López,681012522
93794544I,Pedro,Moreno López,697272877
96995242U,Juan,Díaz Gómez,630644723
04595456N,Carlos,Pérez Díaz,638151971
60615030Q,María,Martínez Gómez,649153127
97067102I,Carlos,Díaz Fernández,665448630
79614219X,Laura,Fernández Díaz,666053318
71138255R,Pedro,Moreno García,691557743
65706238Q,María,Martínez García,683247067
50555038I,Lucía,Sánchez Díaz,669447669
65911788N,Carlos,Díaz Sánchez,675866045
22869585G,Laura,Pérez López,695781094
32784207Y,Miguel,Gómez García,680990881
33431091E,Sofía,Pérez Rodríguez,675039414
07246070L,Miguel,Pérez Moreno,618802297
54506915J,Lucía,Martínez Martínez,640003640
65043781W,María,Rodríguez Díaz,638048901
60435638K,Laura,García Díaz,692014002
77911784P,Pedro,Gómez Sánchez,631179523
37999193G,Carlos,Pérez Rodríguez,674695690
63745286N,Juan,Moreno Sánchez,617573840
55892954Y,Pedro,Fernández Gómez,678821783
94479896Z,Sofía,Sánchez Díaz,658897017
01272444U,Sofía,Gómez García,657977222
42605072K,María,Martínez Sánchez,664743573
83586922E,Carlos,Moreno Gómez,697797291
96327983D,Miguel,Gómez Sánchez,640338195
02321052C,María,García Gómez,670958199
06259269C,Ana,Fernández Rodríguez,637553292
06266631M,Laura,Díaz Pérez,639780802
13655287O,Juan,Rodríguez Martínez,625046970
83959620K,Carlos,López López,690158174
71197559O,Ana,López Fernández,664286179
99375452P,Javier,Pérez Pérez,674264160
65150484I,María,Moreno Pérez,651399838
23365663C,María,Pérez Sánchez,698595898
24322864V,Sofía,Díaz Gómez,663645427
37681650R,Carlos,Fernández Díaz,659682444
61009717W,Ana,Fernández Díaz,646738672
43049407V,María,Díaz López,610878249
16565988X,Laura,Rodríguez Sánchez,616564091
08042478P,Miguel,Gómez Gómez,649215417
50902205O,Juan,Sánchez Gómez,663424695
71708963L,Miguel,García Pérez,656056798
45964585F,Ana,Pérez Gómez,626950829
19645853J,Pedro,Pérez Díaz,679375330
44761933P,Juan,Martínez Díaz,696630845
59525031I,Laura,García García,663079495
96809633L,Sofía,Rodríguez Gómez,694281563
74446207M,Lucía,Díaz Moreno,655079766
36943784Y,Juan,López Rodríguez,699451425
91020524N,Miguel,López Rodríguez,649517022
67456258Y,Juan,García Rodríguez,653816239
39666775N,María,López López,660157658
41010499D,Juan,Martínez Pérez,673781977
62195401Q,María,López Fernández,632421815
90507980Y,Lucía,Fernández García,673471449
41010698W,Laura,Rodríguez López,661765192
33261586A,Javier,Díaz Sánchez,664864114
97825837H,Miguel,Fernández Pérez,668911091
27091791R,Sofía,Díaz Sánchez,651459678
38589726Q,Sofía,Sánchez Pérez,654812708
38781032Z,Juan,Díaz López,620265491
11698398X,Pedro,Rodríguez Sánchez,656351186
40184491H,Ana,Fernández López,678281682
50434740C,Juan,Gómez García,692988048
39260824J,Pedro,Moreno Gómez,614270062
18616329N,Laura,Rodríguez Díaz,664459469
79723314V,Carlos,Moreno Fernández,674838583
76984762N,Carlos,Moreno Díaz,642206197
50803922B,Pedro,Fernández Fernández,629935328
26843107D,Ana,Gómez Díaz,646027361
35168897Z,María,Fernández Díaz,662476894
16475588D,Pedro,Sánchez Rodríguez,633605707
65533290G,Miguel,Rodríguez Sánchez,669246828
02017180H,Pedro,Moreno Martínez,656163441
97965043I,Miguel,Martínez Díaz,621626378
88688949O,Lucía,López Rodríguez,636320652
24024507Z,Pedro,Rodríguez Moreno,620948557
78556307E,Laura,Fernández Fernández,668803736
05851266P,Lucía,Moreno Rodríguez,614592803
80827474X,Javier,López Pérez,668852678
97640554N,Miguel,Moreno López,690551746
40339727R,Lucía,Sánchez Moreno,627148375
56948854N,Pedro,Díaz Gómez,642371243
49245788X,Laura,Pérez Moreno,674916856
99056004M,Ana,Fernández Fernández,638189268
80694168V,Laura,Pérez Sánchez,653973429
06693582F,Laura,García Sánchez,615918574
61251908I,Javier,Díaz Gómez,637384457
35764547X,Sofía,Sánchez Martínez,632267621
87131324B,Ana,Moreno Pérez,667949892
47669508W,María,Fernández Rodríguez,656977619
91472494P,Pedro,Gómez Pérez,638112674
54936420L,Lucía,Gómez Rodríguez,666155529
66012842R,Laura,López Pérez,637290908
49756206M,Carlos,Fernández Fernández,643685818
30768555S,Miguel,Rodríguez Fernández,688923520
34969387Q,Lucía,Díaz Martínez,688565895
35087297O,Juan,Gómez Gómez,696975405
07494170U,María,Fernández Díaz,674428039
68575360T,Laura,Gómez García,614041097
30075803N,Miguel,Rodríguez Díaz,671766002
15327761Y,Pedro,Díaz Pérez,699815333
81102921Y,Ana,Fernández Fernández,681813522
22410707D,Ana,Rodríguez Pérez,660950306
48451741P,Lucía,Moreno Moreno,616151983
89726293H,Lucía,Martínez Fernández,695959638
94180833M,Carlos,García Fernández,674710282
09420718A,Miguel,Moreno Fernández,677969735
13210541R,Lucía,Fernández Díaz,669601537
11744531I,Javier,Fernández Sánchez,689707554
45190478O,Pedro,Fernández Gómez,681479232
94356569Z,Juan,Díaz Fernández,657855791
98647942I,Pedro,García Fernández,692231824
01036990D,Pedro,García Pérez,671928223
32544800T,Juan,López Sánchez,637399801
62905654X,Carlos,Pérez Rodríguez,635178569
21631144N,Javier,Rodríguez Díaz,642064806
93365027M,Pedro,López Sánchez,618567540
02813277C,Carlos,García Sánchez,610270965
08123041K,María,García Fernández,635152071
45483812O,Ana,Martínez Martínez,664859659
57952327R,Javier,Pérez Moreno,675581885
83714256Q,Miguel,Sánchez Gómez,624925326
85987118R,Ana,Fernández Pérez,625673427
52575016N,Laura,Rodríguez López,686756703
27670932R,Miguel,García Rodríguez,617634114
66875842C,Miguel,Sánchez Moreno,685329514
84799320Q,Carlos,Pérez Sánchez,622114674
69407410D,Javier,Moreno López,632752605
65303828V,Laura,López Fernández,630167990
22988300Z,Lucía,Rodríguez Pérez,618367644
42292486X,Laura,López Rodríguez,689551437
30325233C,Laura,Pérez Martínez,640413819
89710301H,Lucía,García Gómez,615399612
80879988J,Javier,Díaz Díaz,680616407
47128954P,Sofía,Rodríguez Sánchez,624985525
65714712M,Sofía,Martínez Martínez,656773406
20094331P,Javier,López García,679533530
28703077P,Carlos,Moreno Díaz,613863982
39813008H,María,López Rodríguez,611488691
98827749D,Lucía,Martínez García,632371694
92885651H,Sofía,Pérez López,658721866
17127342I,Juan,Sánchez Fernández,626676091
26866571T,Laura,Fernández Martínez,660018621
27386161O,María,Martínez Díaz,678867153
50362073Q,María,Rodríguez García,682806909
28308234G,Juan,Rodríguez Pérez,650760307
44091873P,Lucía,Martínez López,624061835
32590065I,Javier,Martínez Gómez,672881144
03041645U,Pedro,López Fernández,636682094
42203495X,Carlos,Díaz Rodríguez,611457441
36248777E,Lucía,Rodríguez Díaz,681747071
72749334I,Lucía,Moreno Martínez,614896933
21726710F,Javier,Pérez Martínez,684144615
18170690A,Pedro,Rodríguez Díaz,661303425
63864002C,Lucía,García Rodríguez,637451234
82805009T,Carlos,Rodríguez Moreno,696306791
28276176C,Laura,Martínez García,621365883
51275889R,Miguel,López Gómez,629886222
18233587W,Ana,Moreno Pérez,681467139
30262191E,Carlos,Rodríguez Díaz,690102252
95916571V,Sofía,Sánchez Díaz,697257334
35427216O,Juan,Gómez García,619504077
13710740Z,Juan,Martínez Díaz,622520727
44006678C,María,Díaz Sánchez,651463342
11031825J,Lucía,García Martínez,622197837
71814578N,Pedro,Gómez Gómez,631448859
30055584H,María,García López,675584430
92750411G,Ana,Martínez Díaz,628595255
70317462E,Sofía,Díaz Pérez,697778220
96916332U,María,García Fernández,670541770
68568310T,Sofía,Díaz Moreno,676708831
13135803G,Carlos,Gómez Martínez,691418584
93252689F,Laura,García Fernández,694622903
94203342C,María,Martínez Sánchez,621697608
03964993M,Carlos,López Martínez,692210295
00205789R,Miguel,Fernández García,684407035
05677603E,Ana,Pérez Rodríguez,626915475
42496619O,Javier,Moreno Martínez,663760206
56611034H,Juan,López Gómez,693179151
46132983Z,Lucía,Sánchez García,638760148
36357411K,Carlos,Pérez Fernández,688216115
71651371H,Pedro,Pérez López,688049071
58646579T,Javier,Rodríguez López,614357975
04818897T,Javier,Moreno Martínez,656988000
93345468N,Lucía,Fernández García,678784970
77296732Z,Laura,López Sánchez,675433316
78982556M,Ana,Pérez García,698017650
03856010A,Juan,Fernández Pérez,633198485
66423849Y,Pedro,Martínez Gómez,633168206
19805289I,Carlos,Rodríguez Fernández,658716352
30989112V,Carlos,Sánchez Díaz,685530968
07508816N,Sofía,Díaz García,694282327
70700903X,Laura,Moreno López,639222085
37076331K,Javier,Rodríguez Rodríguez,665729041
54336864F,Ana,García Díaz,616599310
51390319B,Lucía,Sánchez Fernández,620930230
14958388I,Laura,Díaz Gómez,679596658
28452370S,Javier,Sánchez Pérez,644409238
77757397P,Miguel,Sánchez García,687960173
89715920D,Javier,Sánchez Díaz,649221784
83333203K,Laura,López Moreno,680466863
84983950L,Carlos,Rodríguez Gómez,664960314
53188050S,Ana,Sánchez García,630729937
08443752G,María,García Sánchez,634169087
82947717Q,Ana,Martínez Fernández,637043036
43446081Q,Laura,Moreno Díaz,640713767
16961462Y,Pedro,Rodríguez Sánchez,615585088
24523072S,Sofía,Gómez Martínez,675173968
22032051H,Ana,Díaz López,682297138
81170015Y,Juan,Rodríguez Gómez,634886797
28449787O,María,Martínez Pérez,684828073
78722742L,Sofía,Pérez Moreno,610201391
85984534F,Lucía,Fernández López,649302261
38456064L,Juan,Díaz Pérez,622990674
28261344H,Javier,Moreno Moreno,641732373
79277493J,Laura,López López,650098101
25958852I,Miguel,Fernández Pérez,637664307
06397317N,Juan,García Martínez,659819274
44955343Y,Javier,Pérez Fernández,638362690
02734780Q,Carlos,Pérez Fernández,613007903
31668533X,Sofía,Martínez Fernández,619903227
77724169N,Miguel,Sánchez Moreno,646325121
77839967Y,Juan,Moreno Díaz,622547366
28710561G,Javier,Sánchez López,692632835
58072974C,Lucía,Martínez Moreno,667749010
62068479D,Miguel,Gómez Sánchez,610578467
51970689D,Javier,Díaz Pérez,649759873
28127497Z,Sofía,Gómez Pérez,689773617
37539923Z,Ana,Díaz Sánchez,697134765
68538348D,Sofía,López Moreno,688144969
71276466M,Javier,López Díaz,651744938
20789331K,María,Sánchez Sánchez,650697953
03713803Q,Pedro,Martínez Fernández,674134234
05902638Q,Sofía,Martínez López,670104652
49868673W,Laura,Moreno Moreno,629399025
59450521G,Ana,Moreno Díaz,620753460
98116821C,Lucía,Martínez Martínez,622189244
60122553O,Juan,Moreno Moreno,629297429
20529454W,Pedro,Pérez Moreno,687534159
19213864R,Miguel,Díaz Fernández,623652100
88930937V,Sofía,García Díaz,675600928
49746972X,Javier,Pérez García,663709954
40684701N,Miguel,Sánchez Rodríguez,623019599
36150505F,Lucía,Sánchez Fernández,630486169
57190535P,Miguel,Martínez Díaz,681339726
93846644S,Sofía,Moreno López,667835673
19083829J,Lucía,Rodríguez López,650558218
85039261P,Miguel,López Sánchez,668585759
69839654Q,María,Pérez Rodríguez,661845338
97791458P,Javier,Gómez Moreno,673791992
47406585L,Ana,Sánchez Martínez,678301599
02213160T,Carlos,Díaz Pérez,698833448
48011041I,Ana,Martínez Martínez,696199931
42927199H,Lucía,Sánchez Fernández,681263549
69292098D,Ana,García Moreno,658197223
19581931I,Carlos,Díaz Gómez,648888179
06110745S,Miguel,López López,676564308
64801164Y,Pedro,Gómez Gómez,618835121
08406819C,Juan,Pérez Pérez,630683802
02340175E,Carlos,Fernández Rodríguez,688859784
52976867E,Carlos,Díaz García,642305761
41382198D,Carlos,Sánchez Díaz,637334585
08519327L,María,Martínez Rodríguez,695204665
15667767P,Pedro,Pérez Martínez,642730443
38751687Z,Pedro,Díaz García,639481838
57304333I,Sofía,Gómez Gómez,695338570
44468879P,Pedro,Díaz Moreno,617966479
03031977H,Laura,Gómez Moreno,673064145
80347228Z,Lucía,López García,682635498
68605191B,Laura,Pérez Fernández,621390236
75342635Q,Sofía,Díaz Rodríguez,640943140
23388147M,Pedro,Pérez Díaz,688600780
44893585Y,Carlos,Díaz Gómez,651915994
33282274C,Ana,Martínez Díaz,684637229
17907896O,Carlos,Sánchez Pérez,653705398
68593216K,Ana,García Sánchez,617272024
28753013Z,María,Gómez Martínez,659670240
78972837D,Sofía,Pérez Rodríguez,650717725
99476418Z,Sofía,Moreno López,682229790
21860586W,Carlos,García Fernández,616828058
24904402B,Pedro,Martínez López,655439975
53150720V,María,García Moreno,661349188
99861733Q,Carlos,Gómez López,627538540
10776786B,Ana,Rodríguez Fernández,679223819
67457994D,Juan,Sánchez Gómez,615242509
38383462O,Javier,Pérez Martínez,663012600
13847174P,María,Martínez Gómez,696816009
27046446I,María,Pérez Sánchez,679993331
06992252U,Sofía,Martínez Rodríguez,662542082
16741107B,Sofía,Martínez Moreno,695489539
90678209S,Miguel,López García,625410773
07218142V,Pedro,Martínez López,624947927
17347169B,Miguel,Martínez Sánchez,657855258
40632548T,Javier,Pérez Moreno,659925893
59799311E,Carlos,Sánchez Pérez,675832505
23861257K,Lucía,Pérez López,632000024
44868549E,Juan,García Pérez,673715827
76088499A,Laura,Rodríguez Fernández,674431445
68995747Z,Javier,Fernández Sánchez,613565578
19987433A,Ana,Sánchez Sánchez,632179167
36790987I,Miguel,Sánchez Sánchez,685695744
46103901K,María,Díaz García,678967031
14518059B,Juan,Sánchez Díaz,673441153
79694615I,Laura,Gómez López,674458938
65841761D,Sofía,Díaz Sánchez,635924599
79618546Z,Javier,Sánchez Pérez,651455667
04759357B,Laura,Gómez Fernández,693993571
57729002L,Carlos,Díaz Moreno,632893361
04763798S,Ana,Fernández Sánchez,661456931
46767825Y,Carlos,Pérez Martínez,614636385
67801322O,Miguel,Rodríguez Pérez,654248035
10849951J,Carlos,López García,654689831
74458025X,María,Sánchez Moreno,612074352
11463418H,Ana,García Moreno,646398904
08133072T,Lucía,López García,628451499
62322372V,Sofía,Fernández Rodríguez,651815036
66171001V,Juan,Sánchez Moreno,631079448
66373315W,María,Fernández Fernández,620778369
31954580H,Lucía,Martínez Sánchez,615241273
48718529R,Ana,Pérez Rodríguez,632401002
34031604F,Miguel,Fernández Pérez,687222931
16836718M,María,López Fernández,620033119
58836945S,Ana,Díaz Gómez,664888770
93689680F,Javier,Sánchez Gómez,699061385
78688606X,Lucía,García Sánchez,695926245
84826092R,Lucía,Gómez Martínez,630786130
35840438T,Juan,Pérez López,676923445
87925253B,Javier,Rodríguez Moreno,636715901
46149693P,Ana,García García,617135279
38525913N,Ana,Pérez Martínez,618883888
69818594C,María,Rodríguez Pérez,697519088
06541644U,Lucía,Pérez Gómez,637569320
69528358E,Ana,Gómez Sánchez,668311863
02004394C,Ana,Sánchez Díaz,677820246
99807734W,Lucía,Sánchez García,664152771
05083852K,Sofía,Díaz López,662989272
09900525T,Ana,López Fernández,622629312
07694916E,Pedro,Díaz Pérez,664083804
82756141L,Sofía,García López,690292875
25334951S,Pedro,López García,631886415
64200500A,Sofía,García Sánchez,634220269
32039658G,Carlos,Fernández Díaz,630866813
00406951U,Lucía,Rodríguez Sánchez,691862763
45242712U,Sofía,Rodríguez Díaz,683096998
34667067H,Javier,Martínez Gómez,626282476
24220845I,Lucía,Gómez Sánchez,636563594
31737524D,Lucía,García Sánchez,627133211
91961845J,María,García Pérez,636445550
66320527F,Pedro,Moreno Rodríguez,654052701
31473124G,Laura,Pérez Fernández,620298113
36814586W,Juan,García Gómez,637466708
25392630U,Juan,Pérez Díaz,616125743
69900835H,Ana,Díaz García,630067819
77416303I,Juan,Moreno Díaz,637443332
90919116U,Carlos,García Martínez,620100849
59776571D,Juan,Fernández Rodríguez,687127025
07109093M,Pedro,García Moreno,617782711
86119882G,Laura,Sánchez Pérez,686877810
56280779O,Miguel,Pérez Gómez,684094561
74377633D,Javier,Gómez Pérez,676266676
44395163H,Pedro,Pérez Sánchez,679485259
64019725S,Laura,Rodríguez García,643046398
67215052F,Sofía,Moreno Martínez,655131387
56974846C,Javier,Rodríguez Rodríguez,614016467
83010402Z,Lucía,Gómez Moreno,690814385
80911125J,Laura,García Fernández,693858259
51989225O,María,Gómez García,646378125
92400223Q,Carlos,Fernández Pérez,668063316
53493872C,Miguel,Martínez Fernández,668344010
92003858H,Sofía,Moreno Sánchez,699121146
02611560B,Sofía,García Gómez,648589264
97932174N,Sofía,Sánchez Fernández,663466360
56824781Q,Miguel,Sánchez Moreno,639227361
09254526R,Javier,Rodríguez Sánchez,622898041
86559626F,Laura,Martínez Díaz,634555155
50536992V,Lucía,López Fernández,689467906
28600443S,Juan,Martínez Pérez,633687552
89321001P,Ana,Fernández Moreno,654008825
62134734J,Laura,García Moreno,610661877
88311128P,Javier,Rodríguez Gómez,633938743
77166919U,María,Sánchez Gómez,686991194
33403588S,Sofía,Gómez García,666320633
94588296O,Ana,García Gómez,681927455
64157983T,Javier,Díaz Rodríguez,625386959
28879170R,Ana,Gómez López,614053549
45640364L,Juan,López Moreno,631388947
96974442O,Javier,Fernández Díaz,644690308
49404258E,Pedro,Fernández Martínez,688232340
87806618A,Miguel,López Sánchez,683130496
79895707L,Ana,Moreno García,631494067
21759057R,Laura,Pérez Gómez,637968312
74642950N,Laura,Rodríguez López,629541700
49202484W,Miguel,Moreno Moreno,614412683
35716085L,María,Martínez Sánchez,663313428
83883072M,Javier,Pérez García,651582229
34688892B,Sofía,Moreno Pérez,639310854
70441039C,Javier,López Martínez,627787707
38453331P,Lucía,Gómez Moreno,631219469
36583149X,Javier,Martínez Fernández,630428076
58208386E,Lucía,Sánchez López,699775206
99279346S,Javier,López Gómez,617487737
42832249D,Javier,Fernández Rodríguez,629304993
59572637D,Miguel,Martínez Rodríguez,688244783
84915947N,Juan,López Sánchez,691013483
53130154O,Carlos,Díaz López,673874106
23913275Q,Miguel,Díaz Martínez,632641514
84531189D,Javier,Sánchez García,646091058
73420116U,Juan,García Martínez,677888249
79115753P,Pedro,García Pérez,691813380
86466701A,Lucía,Gómez Sánchez,695957276
93837151B,Sofía,Martínez García,619204522
48923044D,Sofía,López Sánchez,673009844
01819686O,Ana,Díaz Moreno,629424819
32617300R,María,Fernández Sánchez,632975892
11645525T,Ana,Martínez Rodríguez,651656705
01568929K,Pedro,Rodríguez Gómez,614051161
53055717J,Juan,Díaz Fernández,677378754
65752024K,Laura,García Martínez,688442189
30607268Q,Lucía,Gómez García,689801065
04625470T,Laura,Pérez Fernández,645157991
53998155I,María,Rodríguez García,674130697
46655000F,Juan,Gómez Moreno,687266334
93665544O,Ana,Sánchez Rodríguez,671192750
50509917Q,Ana,Martínez López,679812414
66458150C,Miguel,Sánchez Rodríguez,636481617
78419778Q,Laura,López Pérez,693721126
35712910L,Miguel,López Moreno,659939289
72468225N,Miguel,Pérez Díaz,655116876
61585615Q,Juan,Pérez García,632983354
29800992Z,Juan,López García,670196071
90082701W,Javier,Gómez Rodríguez,666663858
97671796W,María,Pérez López,622799890
22128561F,Miguel,García Gómez,667497911
05260094X,Javier,Martínez Sánchez,675477683
11419640J,Ana,García Rodríguez,667526483
09290023K,Ana,Moreno Martínez,677220709
83394069Q,Ana,Sánchez Díaz,693494687
85386615B,Carlos,Rodríguez Sánchez,610581406
49254267U,Juan,Pérez Moreno,680930195
11460361Z,Javier,Sánchez Fernández,697954273
98567295L,Lucía,Gómez García,663148573
37543271D,Carlos,Gómez Moreno,610378221
49562178J,Lucía,Pérez Fernández,632310707
39867762B,Javier,López Gómez,624554209
02392100X,Juan,Martínez Martínez,685512356
90303944D,Carlos,Díaz Sánchez,610112420
64963395Z,Carlos,Sánchez Gómez,686653510
95567197N,Sofía,Gómez Pérez,627894597
19275863T,Javier,Rodríguez Díaz,695190480
49808908S,Ana,Martínez García,694437786
31542714S,María,García Rodríguez,660907151
08052469G,Miguel,Pérez Moreno,676885159
47282499J,Lucía,Sánchez Rodríguez,618028908
62910239O,Laura,Fernández García,625679652
46191757K,María,Gómez Martínez,628051102
80366007R,María,Gómez Gómez,635177399
92536717N,María,Martínez García,674619410
85970498A,Javier,Gómez Sánchez,699530649
27967639I,Laura,Pérez Moreno,640624515
54172172Q,Miguel,Gómez Gómez,643026481
89258579X,Lucía,López López,612712086
75692001X,Juan,Pérez López,624082753
17894523O,Javier,Martínez Díaz,685447687
19541463V,Pedro,Sánchez Díaz,652808977
72310558B,Miguel,Rodríguez Díaz,675720299
82594840J,Juan,Díaz Díaz,623546074
62170145R,María,Díaz Sánchez,647207099
09690623X,Juan,Sánchez Díaz,653202636
00112797R,Ana,Rodríguez Pérez,654729208
55756626U,Sofía,García Sánchez,632971434
40687752V,María,Gómez Fernández,612782212
60879466X,Sofía,Díaz Díaz,658700536
27164726P,Miguel,Sánchez Gómez,653822631
96193306O,María,Sánchez López,686055950
53938175Q,Miguel,Pérez Fernández,656778748
51744038B,Ana,Gómez Moreno,625216523
69313610P,María,Moreno Fernández,687268591
42097228Y,Juan,López García,624722372
03529578O,Miguel,Gómez López,646073290
65895955G,Carlos,Sánchez Gómez,642725465
85927050O,Lucía,Sánchez Pérez,694535387
33823007Z,Juan,Díaz Gómez,683420891
33548760O,Sofía,López Díaz,680453138
42008921K,Juan,Rodríguez García,683470806
18371550F,Miguel,Díaz Fernández,616723948
79456307U,Pedro,Fernández Díaz,625385901
98537912K,Carlos,Moreno García,694161909
96550095R,Laura,López Gómez,664585886
83226866S,Carlos,Martínez Fernández,623382315
82131880R,Javier,López Gómez,652665498
90175638X,Lucía,Moreno García,634189075
76847406K,Carlos,López García,644172988
83101340R,Javier,García Pérez,658557675
17007816Y,Javier,López Martínez,693075347
72865458F,Carlos,Díaz Fernández,670737408
41348775C,Carlos,Gómez López,615370666
82301297Q,Laura,Martínez Díaz,639987483
01561424J,Lucía,Rodríguez Martínez,661422937
31325621R,Javier,Fernández López,653686707
46260946T,Javier,Martínez Martínez,656472270
17751149D,Laura,Martínez García,645411945
65898545F,Carlos,López Sánchez,615213551
64355153D,María,López Díaz,627297641
81568392I,Laura,Sánchez Fernández,678085180
03362644W,Javier,Rodríguez Sánchez,675270687
57065171S,Laura,García Fernández,643882258
47867526U,Lucía,Gómez Díaz,683548303
20100388G,Miguel,Moreno Sánchez,610973874
21718935M,María,Moreno Pérez,612983400
05159162W,Laura,Pérez Martínez,645059214
25996015X,Sofía,Martínez Rodríguez,672428825
38699641V,Sofía,García Martínez,657625716
68170645Y,Lucía,Díaz Rodríguez,629759741
98734906G,Laura,Rodríguez Martínez,635124441
88269623M,Miguel,Rodríguez Gómez,690836171
12744383E,Ana,Fernández Fernández,626524939
74659428M,Sofía,Moreno García,685294181
51147317H,Laura,García Pérez,668136162
77452262Y,Javier,López Martínez,664017313
12412484Q,María,Rodríguez Sánchez,614062824
60541826V,Laura,Sánchez García,639982375
50924087K,Javier,López Martínez,645294835
13532177Z,Ana,López Sánchez,689012687
22340242R,Laura,Gómez Sánchez,668005909
36097525X,Ana,Sánchez García,690728395
63852089H,Carlos,Sánchez Moreno,620807208
90669630K,Carlos,García Rodríguez,682656770
47635175T,Carlos,Díaz Gómez,637173750
55670811Y,Javier,Díaz Fernández,664304390
77148824R,María,Pérez Sánchez,680986671
78351958T,Laura,Martínez Rodríguez,696318548
05143144G,María,Martínez Martínez,683130790
36878780O,Carlos,Moreno Rodríguez,630880373
01757263H,Lucía,Martínez Díaz,618726071
85422646I,Laura,Martínez Rodríguez,618733149
42190465P,Javier,Díaz García,616212597
66469923N,Pedro,García Díaz,634660380
37394157R,Pedro,Moreno Moreno,630586288
45343777U,María,Sánchez Gómez,628182455
69440610K,Sofía,Martínez Moreno,649790032
28211970E,Laura,Martínez Sánchez,697056162
93438650R,Carlos,Moreno García,618345059
78595085F,Ana,Díaz Sánchez,657359501
74359439D,Juan,Díaz Moreno,645124331
74387339K,Laura,Rodríguez Martínez,669274742
56006707I,Miguel,López Moreno,653612706
91456736Q,Lucía,Sánchez Sánchez,657627486
10441664D,Javier,Pérez Pérez,657752690
75710608B,Sofía,Gómez Martínez,619782647
32478331J,Miguel,Sánchez Rodríguez,649299270
73676745G,Juan,García Gómez,686741212
01211954O,María,Martínez Moreno,687861378
15106416U,Javier,Gómez Díaz,680983536
58006053A,Ana,Moreno Rodríguez,658237418
13417047H,María,Pérez Fernández,686188782
82434773E,Javier,García Martínez,627171747
64117527F,Carlos,Díaz Sánchez,623363004
77472256H,Lucía,García Moreno,626272802
10840815W,Juan,Gómez López,625084566
37014541C,Laura,López Díaz,644472601
14497426J,Sofía,Martínez Pérez,611696418
30359104H,Javier,García Pérez,659119331
37979629M,Laura,Martínez Sánchez,669585191
04683802Z,María,Moreno López,651634233
86970601V,Lucía,Rodríguez Pérez,634379196
38629879L,Lucía,García Moreno,691491442
02682287N,Ana,Pérez Rodríguez,652568493
47248639L,Lucía,Moreno Fernández,688899656
77145492C,Miguel,López Díaz,644867287
95429415D,Pedro,Rodríguez Moreno,669122495
50890529X,Miguel,Pérez Moreno,628032597
75780846J,Miguel,García Gómez,662028925
27844792G,Sofía,Gómez Martínez,677517040
04660575R,Sofía,García Díaz,693665481
07795459K,Laura,López Gómez,638962180
27682080V,Carlos,Martínez Martínez,631073339
82544055F,Laura,Fernández Fernández,647554436
02381501L,Pedro,Moreno Sánchez,662018800
55296868U,Miguel,López Rodríguez,617505875
67670250M,Carlos,Rodríguez Rodríguez,639075899
45220218W,Miguel,García Díaz,647586228
95808191X,Carlos,Rodríguez Díaz,614301066
66897227G,Sofía,Martínez García,674265511
88816395A,Miguel,Gómez García,648394394
52890729C,Ana,García López,624615582
26191836E,Miguel,Gómez Fernández,672579633
76954700K,Juan,Pérez Gómez,615885325
19912258Z,Lucía,Díaz López,623023845
49067519I,Miguel,García Díaz,633143361
82633175B,Ana,Moreno Gómez,695081654
32147917Z,Miguel,Fernández Moreno,662530276
43771922W,Miguel,Moreno Moreno,646020579
02170037O,Juan,García Pérez,692810874
17174604N,Sofía,Sánchez Martínez,636655079
85628342A,Carlos,Martínez Sánchez,624036701
11165629E,Juan,Rodríguez García,674781390
62886068U,Miguel,Rodríguez Pérez,690372746
65288183S,Ana,Rodríguez Sánchez,656509307
85277490A,Carlos,Fernández Martínez,632784232
65132166V,María,Rodríguez Sánchez,658660840
58434902F,Carlos,Gómez Fernández,647228717
53833315O,Sofía,Martínez Sánchez,665647037
75297730I,Carlos,López García,664793698
60759433V,María,Fernández Pérez,687751629
58774214Z,Lucía,Sánchez Fernández,671214339
68457883U,Javier,Gómez Díaz,656123717
24427292P,María,Sánchez Gómez,684335409
31817900W,Pedro,Gómez Moreno,683938883
31538095O,Javier,García Díaz,646926019
90750409R,Sofía,López Fernández,661910463
08874190X,Juan,Martínez Gómez,693000060
62153043R,Laura,Díaz García,693146944
98785563B,María,López Moreno,620863902
74227648W,María,Sánchez Pérez,689785243
66014242N,María,Pérez Martínez,614279272
87051747I,Ana,López Sánchez,692993172
08754670D,Juan,Sánchez García,615589045
39228026A,Laura,Rodríguez Díaz,651939043
27215325O,Carlos,Rodríguez García,638177772
91474211B,Javier,Díaz Rodríguez,646350030
44805697Y,Juan,Gómez Pérez,618758232
16284418Q,María,Gómez Sánchez,650421119
52938222R,Sofía,Fernández Fernández,693599019
75889386E,Javier,Sánchez Pérez,666860101
01880437N,Miguel,Pérez Rodríguez,636676053
19723079Q,Javier,Pérez Rodríguez,645439236
52500419T,Pedro,Sánchez Moreno,629817946
87554651D,Miguel,Fernández Martínez,672373344
05134178G,Juan,Fernández Gómez,655406030
34386623U,Miguel,Moreno Pérez,656864198
46792996B,Sofía,Martínez Fernández,639611870
79230499P,María,García Gómez,643564508
28665632C,Sofía,García Fernández,644241827
37367180M,Lucía,García Martínez,664364611
39024497W,Laura,Moreno López,661680310
49131506M,Carlos,García Díaz,695929173
96685984Q,Carlos,López Fernández,642346588
81794282G,Javier,Martínez Rodríguez,670669162
04222379G,María,Sánchez Rodríguez,626497315
25504359I,Javier,García Sánchez,660384582
49853052I,Pedro,Pérez Díaz,669210554
82851680N,Javier,Sánchez Rodríguez,618775522
14024526Y,Sofía,Martínez Moreno,612084035
