idEmpleado,Nombre,Apellidos,Telefono,Jefe_Empleado,Local_idLocal
E001,Empleado1,Apellido1,600000000,,1
E002,Empleado2,Apellido2,600000001,,2
E003,Empleado3,Apellido3,600000002,,3
E004,Empleado4,Apellido4,600000003,,4
E005,Empleado5,Apellido5,600000004,,5
E006,Empleado6,Apellido6,600000005,,6
E007,Empleado7,Apellido7,600000006,,7
E008,Empleado8,Apellido8,600000007,,8
E009,Empleado9,Apellido9,600000008,,9
E010,Empleado10,Apellido10,600000009,,10
E011,Empleado11,Apellido11,600000010,,1
E012,Empleado12,Apellido12,600000011,,2
E013,Empleado13,Apellido13,600000012,,3
E014,Empleado14,Apellido14,600000013,,4
E015,Empleado15,Apellido15,600000014,,5
E016,Empleado16,Apellido16,600000015,,6
E017,Empleado17,Apellido17,600000016,,7
E018,Empleado18,Apellido18,600000017,,8
E019,Empleado19,Apellido19,600000018,,9
E020,Empleado20,Apellido20,600000019,,10
E021,Empleado21,Apellido21,600000020,,1
E022,Empleado22,Apellido22,600000021,,2
E023,Empleado23,Apellido23,600000022,,3
E024,Empleado24,Apellido24,600000023,,4
E025,Empleado25,Apellido25,600000024,,5
E026,Empleado26,Apellido26,600000025,,6
E027,Empleado27,Apellido27,600000026,,7
E028,Empleado28,Apellido28,600000027,,8
E029,Empleado29,Apellido29,600000028,,9
E030,Empleado30,Apellido30,600000029,,10
E031,Empleado31,Apellido31,600000030,,1
E032,Empleado32,Apellido32,600000031,,2
E033,Empleado33,Apellido33,600000032,,3
E034,Empleado34,Apellido34,600000033,,4
E035,Empleado35,Apellido35,600000034,,5
E036,Empleado36,Apellido36,600000035,,6
E037,Empleado37,Apellido37,600000036,,7
E038,Empleado38,Apellido38,600000037,,8
E039,Empleado39,Apellido39,600000038,,9
E040,Empleado40,Apellido40,600000039,,10
E041,Empleado41,Apellido41,600000040,,1
E042,Empleado42,Apellido42,600000041,,2
E043,Empleado43,Apellido43,600000042,,3
E044,Empleado44,Apellido44,600000043,,4
E045,Empleado45,Apellido45,600000044,,5
E046,Empleado46,Apellido46,600000045,,6
E047,Empleado47,Apellido47,600000046,,7
E048,Empleado48,Apellido48,600000047,,8
E049,Empleado49,Apellido49,600000048,,9
E050,Empleado50,Apellido50,600000049,,10
E051,Empleado51,Apellido51,600000050,,1
E052,Empleado52,Apellido52,600000051,,2
E053,Empleado53,Apellido53,600000052,,3
E054,Empleado54,Apellido54,600000053,,4
E055,Empleado55,Apellido55,600000054,,5
E056,Empleado56,Apellido56,600000055,,6
E057,Empleado57,Apellido57,600000056,,7
E058,Empleado58,Apellido58,600000057,,8
E059,Empleado59,Apellido59,600000058,,9
E060,Empleado60,Apellido60,600000059,,10
E061,Empleado61,Apellido61,600000060,,1
E062,Empleado62,Apellido62,600000061,,2
E063,Empleado63,Apellido63,600000062,,3
E064,Empleado64,Apellido64,600000063,,4
E065,Empleado65,Apellido65,600000064,,5
E066,Empleado66,Apellido66,600000065,,6
E067,Empleado67,Apellido67,600000066,,7
E068,Empleado68,Apellido68,600000067,,8
E069,Empleado69,Apellido69,600000068,,9
E070,Empleado70,Apellido70,600000069,,10
E071,Empleado71,Apellido71,600000070,,1
E072,Empleado72,Apellido72,600000071,,2
E073,Empleado73,Apellido73,600000072,,3
E074,Empleado74,Apellido74,600000073,,4
E075,Empleado75,Apellido75,600000074,,5
E076,Empleado76,Apellido76,600000075,,6
E077,Empleado77,Apellido77,600000076,,7
E078,Empleado78,Apellido78,600000077,,8
E079,Empleado79,Apellido79,600000078,,9
E080,Empleado80,Apellido80,600000079,,10
E081,Empleado81,Apellido81,600000080,,1
E082,Empleado82,Apellido82,600000081,,2
E083,Empleado83,Apellido83,600000082,,3
E084,Empleado84,Apellido84,600000083,,4
E085,Empleado85,Apellido85,600000084,,5
E086,Empleado86,Apellido86,600000085,,6
E087,Empleado87,Apellido87,600000086,,7
E088,Empleado88,Apellido88,600000087,,8
E089,Empleado89,Apellido89,600000088,,9
E090,Empleado90,Apellido90,600000089,,10
E091,Empleado91,Apellido91,600000090,,1
E092,Empleado92,Apellido92,600000091,,2
E093,Empleado93,Apellido93,600000092,,3
E094,Empleado94,Apellido94,600000093,,4
E095,Empleado95,Apellido95,600000094,,5
E096,Empleado96,Apellido96,600000095,,6
E097,Empleado97,Apellido97,600000096,,7
E098,Empleado98,Apellido98,600000097,,8
E099,Empleado99,Apellido99,600000098,,9
E100,Empleado100,Apellido100,600000099,,10
E101,Empleado101,Apellido101,600000100,,1
E102,Empleado102,Apellido102,600000101,,2
E103,Empleado103,Apellido103,600000102,,3
E104,Empleado104,Apellido104,600000103,,4
E105,Empleado105,Apellido105,600000104,,5
E106,Empleado106,Apellido106,600000105,,6
E107,Empleado107,Apellido107,600000106,,7
E108,Empleado108,Apellido108,600000107,,8
E109,Empleado109,Apellido109,600000108,,9
E110,Empleado110,Apellido110,600000109,,10
E111,Empleado111,Apellido111,600000110,,1
E112,Empleado112,Apellido112,600000111,,2
E113,Empleado113,Apellido113,600000112,,3
E114,Empleado114,Apellido114,600000113,,4
E115,Empleado115,Apellido115,600000114,,5
E116,Empleado116,Apellido116,600000115,,6
E117,Empleado117,Apellido117,600000116,,7
E118,Empleado118,Apellido118,600000117,,8
E119,Empleado119,Apellido119,600000118,,9
E120,Empleado120,Apellido120,600000119,,10
E121,Empleado121,Apellido121,600000120,,1
E122,Empleado122,Apellido122,600000121,,2
E123,Empleado123,Apellido123,600000122,,3
E124,Empleado124,Apellido124,600000123,,4
E125,Empleado125,Apellido125,600000124,,5
E126,Empleado126,Apellido126,600000125,,6
E127,Empleado127,Apellido127,600000126,,7
E128,Empleado128,Apellido128,600000127,,8
E129,Empleado129,Apellido129,600000128,,9
E130,Empleado130,Apellido130,600000129,,10
E131,Empleado131,Apellido131,600000130,,1
E132,Empleado132,Apellido132,600000131,,2
E133,Empleado133,Apellido133,600000132,,3
E134,Empleado134,Apellido134,600000133,,4
E135,Empleado135,Apellido135,600000134,,5
E136,Empleado136,Apellido136,600000135,,6
E137,Empleado137,Apellido137,600000136,,7
E138,Empleado138,Apellido138,600000137,,8
E139,Empleado139,Apellido139,600000138,,9
E140,Empleado140,Apellido140,600000139,,10
E141,Empleado141,Apellido141,600000140,,1
E142,Empleado142,Apellido142,600000141,,2
E143,Empleado143,Apellido143,600000142,,3
E144,Empleado144,Apellido144,600000143,,4
E145,Empleado145,Apellido145,600000144,,5
E146,Empleado146,Apellido146,600000145,,6
E147,Empleado147,Apellido147,600000146,,7
E148,Empleado148,Apellido148,600000147,,8
E149,Empleado149,Apellido149,600000148,,9
E150,Empleado150,Apellido150,600000149,,10
E151,Empleado151,Apellido151,600000150,,1
E152,Empleado152,Apellido152,600000151,,2
E153,Empleado153,Apellido153,600000152,,3
E154,Empleado154,Apellido154,600000153,,4
E155,Empleado155,Apellido155,600000154,,5
E156,Empleado156,Apellido156,600000155,,6
E157,Empleado157,Apellido157,600000156,,7
E158,Empleado158,Apellido158,600000157,,8
E159,Empleado159,Apellido159,600000158,,9
E160,Empleado160,Apellido160,600000159,,10
E161,Empleado161,Apellido161,600000160,,1
E162,Empleado162,Apellido162,600000161,,2
E163,Empleado163,Apellido163,600000162,,3
E164,Empleado164,Apellido164,600000163,,4
E165,Empleado165,Apellido165,600000164,,5
E166,Empleado166,Apellido166,600000165,,6
E167,Empleado167,Apellido167,600000166,,7
E168,Empleado168,Apellido168,600000167,,8
E169,Empleado169,Apellido169,600000168,,9
E170,Empleado170,Apellido170,600000169,,10
E171,Empleado171,Apellido171,600000170,,1
E172,Empleado172,Apellido172,600000171,,2
E173,Empleado173,Apellido173,600000172,,3
E174,Empleado174,Apellido174,600000173,,4
E175,Empleado175,Apellido175,600000174,,5
E176,Empleado176,Apellido176,600000175,,6
E177,Empleado177,Apellido177,600000176,,7
E178,Empleado178,Apellido178,600000177,,8
E179,Empleado179,Apellido179,600000178,,9
E180,Empleado180,Apellido180,600000179,,10
E181,Empleado181,Apellido181,600000180,,1
E182,Empleado182,Apellido182,600000181,,2
E183,Empleado183,Apellido183,600000182,,3
E184,Empleado184,Apellido184,600000183,,4
E185,Empleado185,Apellido185,600000184,,5
E186,Empleado186,Apellido186,600000185,,6
E187,Empleado187,Apellido187,600000186,,7
E188,Empleado188,Apellido188,600000187,,8
E189,Empleado189,Apellido189,600000188,,9
E190,Empleado190,Apellido190,600000189,,10
E191,Empleado191,Apellido191,600000190,,1
E192,Empleado192,Apellido192,600000191,,2
E193,Empleado193,Apellido193,600000192,,3
E194,Empleado194,Apellido194,600000193,,4
E195,Empleado195,Apellido195,600000194,,5
E196,Empleado196,Apellido196,600000195,,6
E197,Empleado197,Apellido197,600000196,,7
E198,Empleado198,Apellido198,600000197,,8
E199,Empleado199,Apellido199,600000198,,9
E200,Empleado200,Apellido200,600000199,,10
E201,Empleado201,Apellido201,600000200,,1
E202,Empleado202,Apellido202,600000201,,2
E203,Empleado203,Apellido203,600000202,,3
E204,Empleado204,Apellido204,600000203,,4
E205,Empleado205,Apellido205,600000204,,5
E206,Empleado206,Apellido206,600000205,,6
E207,Empleado207,Apellido207,600000206,,7
E208,Empleado208,Apellido208,600000207,,8
E209,Empleado209,Apellido209,600000208,,9
E210,Empleado210,Apellido210,600000209,,10
E211,Empleado211,Apellido211,600000210,,1
E212,Empleado212,Apellido212,600000211,,2
E213,Empleado213,Apellido213,600000212,,3
E214,Empleado214,Apellido214,600000213,,4
E215,Empleado215,Apellido215,600000214,,5
E216,Empleado216,Apellido216,600000215,,6
E217,Empleado217,Apellido217,600000216,,7
E218,Empleado218,Apellido218,600000217,,8
E219,Empleado219,Apellido219,600000218,,9
E220,Empleado220,Apellido220,600000219,,10
E221,Empleado221,Apellido221,600000220,,1
E222,Empleado222,Apellido222,600000221,,2
E223,Empleado223,Apellido223,600000222,,3
E224,Empleado224,Apellido224,600000223,,4
E225,Empleado225,Apellido225,600000224,,5
E226,Empleado226,Apellido226,600000225,,6
E227,Empleado227,Apellido227,600000226,,7
E228,Empleado228,Apellido228,600000227,,8
E229,Empleado229,Apellido229,600000228,,9
E230,Empleado230,Apellido230,600000229,,10
E231,Empleado231,Apellido231,600000230,,1
E232,Empleado232,Apellido232,600000231,,2
E233,Empleado233,Apellido233,600000232,,3
E234,Empleado234,Apellido234,600000233,,4
E235,Empleado235,Apellido235,600000234,,5
E236,Empleado236,Apellido236,600000235,,6
E237,Empleado237,Apellido237,600000236,,7
E238,Empleado238,Apellido238,600000237,,8
E239,Empleado239,Apellido239,600000238,,9
E240,Empleado240,Apellido240,600000239,,10
E241,Empleado241,Apellido241,600000240,,1
E242,Empleado242,Apellido242,600000241,,2
E243,Empleado243,Apellido243,600000242,,3
E244,Empleado244,Apellido244,600000243,,4
E245,Empleado245,Apellido245,600000244,,5
E246,Empleado246,Apellido246,600000245,,6
E247,Empleado247,Apellido247,600000246,,7
E248,Empleado248,Apellido248,600000247,,8
E249,Empleado249,Apellido249,600000248,,9
E250,Empleado250,Apellido250,600000249,,10
E251,Empleado251,Apellido251,600000250,,1
E252,Empleado252,Apellido252,600000251,,2
E253,Empleado253,Apellido253,600000252,,3
E254,Empleado254,Apellido254,600000253,,4
E255,Empleado255,Apellido255,600000254,,5
E256,Empleado256,Apellido256,600000255,,6
E257,Empleado257,Apellido257,600000256,,7
E258,Empleado258,Apellido258,600000257,,8
E259,Empleado259,Apellido259,600000258,,9
E260,Empleado260,Apellido260,600000259,,10
E261,Empleado261,Apellido261,600000260,,1
E262,Empleado262,Apellido262,600000261,,2
E263,Empleado263,Apellido263,600000262,,3
E264,Empleado264,Apellido264,600000263,,4
E265,Empleado265,Apellido265,600000264,,5
E266,Empleado266,Apellido266,600000265,,6
E267,Empleado267,Apellido267,600000266,,7
E268,Empleado268,Apellido268,600000267,,8
E269,Empleado269,Apellido269,600000268,,9
E270,Empleado270,Apellido270,600000269,,10
E271,Empleado271,Apellido271,600000270,,1
E272,Empleado272,Apellido272,600000271,,2
E273,Empleado273,Apellido273,600000272,,3
E274,Empleado274,Apellido274,600000273,,4
E275,Empleado275,Apellido275,600000274,,5
E276,Empleado276,Apellido276,600000275,,6
E277,Empleado277,Apellido277,600000276,,7
E278,Empleado278,Apellido278,600000277,,8
E279,Empleado279,Apellido279,600000278,,9
E280,Empleado280,Apellido280,600000279,,10
E281,Empleado281,Apellido281,600000280,,1
E282,Empleado282,Apellido282,600000281,,2
E283,Empleado283,Apellido283,600000282,,3
E284,Empleado284,Apellido284,600000283,,4
E285,Empleado285,Apellido285,600000284,,5
E286,Empleado286,Apellido286,600000285,,6
E287,Empleado287,Apellido287,600000286,,7
E288,Empleado288,Apellido288,600000287,,8
E289,Empleado289,Apellido289,600000288,,9
E290,Empleado290,Apellido290,600000289,,10
E291,Empleado291,Apellido291,600000290,,1
E292,Empleado292,Apellido292,600000291,,2
E293,Empleado293,Apellido293,600000292,,3
E294,Empleado294,Apellido294,600000293,,4
E295,Empleado295,Apellido295,600000294,,5
E296,Empleado296,Apellido296,600000295,,6
E297,Empleado297,Apellido297,600000296,,7
E298,Empleado298,Apellido298,600000297,,8
E299,Empleado299,Apellido299,600000298,,9
E300,Empleado300,Apellido300,600000299,,10
E301,Empleado301,Apellido301,600000300,,1
E302,Empleado302,Apellido302,600000301,,2
E303,Empleado303,Apellido303,600000302,,3
E304,Empleado304,Apellido304,600000303,,4
E305,Empleado305,Apellido305,600000304,,5
E306,Empleado306,Apellido306,600000305,,6
E307,Empleado307,Apellido307,600000306,,7
E308,Empleado308,Apellido308,600000307,,8
E309,Empleado309,Apellido309,600000308,,9
E310,Empleado310,Apellido310,600000309,,10
E311,Empleado311,Apellido311,600000310,,1
E312,Empleado312,Apellido312,600000311,,2
E313,Empleado313,Apellido313,600000312,,3
E314,Empleado314,Apellido314,600000313,,4
E315,Empleado315,Apellido315,600000314,,5
E316,Empleado316,Apellido316,600000315,,6
E317,Empleado317,Apellido317,600000316,,7
E318,Empleado318,Apellido318,600000317,,8
E319,Empleado319,Apellido319,600000318,,9
E320,Empleado320,Apellido320,600000319,,10
E321,Empleado321,Apellido321,600000320,,1
E322,Empleado322,Apellido322,600000321,,2
E323,Empleado323,Apellido323,600000322,,3
E324,Empleado324,Apellido324,600000323,,4
E325,Empleado325,Apellido325,600000324,,5
E326,Empleado326,Apellido326,600000325,,6
E327,Empleado327,Apellido327,600000326,,7
E328,Empleado328,Apellido328,600000327,,8
E329,Empleado329,Apellido329,600000328,,9
E330,Empleado330,Apellido330,600000329,,10
E331,Empleado331,Apellido331,600000330,,1
E332,Empleado332,Apellido332,600000331,,2
E333,Empleado333,Apellido333,600000332,,3
E334,Empleado334,Apellido334,600000333,,4
E335,Empleado335,Apellido335,600000334,,5
E336,Empleado336,Apellido336,600000335,,6
E337,Empleado337,Apellido337,600000336,,7
E338,Empleado338,Apellido338,600000337,,8
E339,Empleado339,Apellido339,600000338,,9
E340,Empleado340,Apellido340,600000339,,10
E341,Empleado341,Apellido341,600000340,,1
E342,Empleado342,Apellido342,600000341,,2
E343,Empleado343,Apellido343,600000342,,3
E344,Empleado344,Apellido344,600000343,,4
E345,Empleado345,Apellido345,600000344,,5
E346,Empleado346,Apellido346,600000345,,6
E347,Empleado347,Apellido347,600000346,,7
E348,Empleado348,Apellido348,600000347,,8
E349,Empleado349,Apellido349,600000348,,9
E350,Empleado350,Apellido350,600000349,,10
E351,Empleado351,Apellido351,600000350,,1
E352,Empleado352,Apellido352,600000351,,2
E353,Empleado353,Apellido353,600000352,,3
E354,Empleado354,Apellido354,600000353,,4
E355,Empleado355,Apellido355,600000354,,5
E356,Empleado356,Apellido356,600000355,,6
E357,Empleado357,Apellido357,600000356,,7
E358,Empleado358,Apellido358,600000357,,8
E359,Empleado359,Apellido359,600000358,,9
E360,Empleado360,Apellido360,600000359,,10
E361,Empleado361,Apellido361,600000360,,1
E362,Empleado362,Apellido362,600000361,,2
E363,Empleado363,Apellido363,600000362,,3
E364,Empleado364,Apellido364,600000363,,4
E365,Empleado365,Apellido365,600000364,,5
E366,Empleado366,Apellido366,600000365,,6
E367,Empleado367,Apellido367,600000366,,7
E368,Empleado368,Apellido368,600000367,,8
E369,Empleado369,Apellido369,600000368,,9
E370,Empleado370,Apellido370,600000369,,10
E371,Empleado371,Apellido371,600000370,,1
E372,Empleado372,Apellido372,600000371,,2
E373,Empleado373,Apellido373,600000372,,3
E374,Empleado374,Apellido374,600000373,,4
E375,Empleado375,Apellido375,600000374,,5
E376,Empleado376,Apellido376,600000375,,6
E377,Empleado377,Apellido377,600000376,,7
E378,Empleado378,Apellido378,600000377,,8
E379,Empleado379,Apellido379,600000378,,9
E380,Empleado380,Apellido380,600000379,,10
E381,Empleado381,Apellido381,600000380,,1
E382,Empleado382,Apellido382,600000381,,2
E383,Empleado383,Apellido383,600000382,,3
E384,Empleado384,Apellido384,600000383,,4
E385,Empleado385,Apellido385,600000384,,5
E386,Empleado386,Apellido386,600000385,,6
E387,Empleado387,Apellido387,600000386,,7
E388,Empleado388,Apellido388,600000387,,8
E389,Empleado389,Apellido389,600000388,,9
E390,Empleado390,Apellido390,600000389,,10
E391,Empleado391,Apellido391,600000390,,1
E392,Empleado392,Apellido392,600000391,,2
E393,Empleado393,Apellido393,600000392,,3
E394,Empleado394,Apellido394,600000393,,4
E395,Empleado395,Apellido395,600000394,,5
E396,Empleado396,Apellido396,600000395,,6
E397,Empleado397,Apellido397,600000396,,7
E398,Empleado398,Apellido398,600000397,,8
E399,Empleado399,Apellido399,600000398,,9
E400,Empleado400,Apellido400,600000399,,10
E401,Empleado401,Apellido401,600000400,,1
E402,Empleado402,Apellido402,600000401,,2
E403,Empleado403,Apellido403,600000402,,3
E404,Empleado404,Apellido404,600000403,,4
E405,Empleado405,Apellido405,600000404,,5
E406,Empleado406,Apellido406,600000405,,6
E407,Empleado407,Apellido407,600000406,,7
E408,Empleado408,Apellido408,600000407,,8
E409,Empleado409,Apellido409,600000408,,9
E410,Empleado410,Apellido410,600000409,,10
E411,Empleado411,Apellido411,600000410,,1
E412,Empleado412,Apellido412,600000411,,2
E413,Empleado413,Apellido413,600000412,,3
E414,Empleado414,Apellido414,600000413,,4
E415,Empleado415,Apellido415,600000414,,5
E416,Empleado416,Apellido416,600000415,,6
E417,Empleado417,Apellido417,600000416,,7
E418,Empleado418,Apellido418,600000417,,8
E419,Empleado419,Apellido419,600000418,,9
E420,Empleado420,Apellido420,600000419,,10
E421,Empleado421,Apellido421,600000420,,1
E422,Empleado422,Apellido422,600000421,,2
E423,Empleado423,Apellido423,600000422,,3
E424,Empleado424,Apellido424,600000423,,4
E425,Empleado425,Apellido425,600000424,,5
E426,Empleado426,Apellido426,600000425,,6
E427,Empleado427,Apellido427,600000426,,7
E428,Empleado428,Apellido428,600000427,,8
E429,Empleado429,Apellido429,600000428,,9
E430,Empleado430,Apellido430,600000429,,10
E431,Empleado431,Apellido431,600000430,,1
E432,Empleado432,Apellido432,600000431,,2
E433,Empleado433,Apellido433,600000432,,3
E434,Empleado434,Apellido434,600000433,,4
E435,Empleado435,Apellido435,600000434,,5
E436,Empleado436,Apellido436,600000435,,6
E437,Empleado437,Apellido437,600000436,,7
E438,Empleado438,Apellido438,600000437,,8
E439,Empleado439,Apellido439,600000438,,9
E440,Empleado440,Apellido440,600000439,,10
E441,Empleado441,Apellido441,600000440,,1
E442,Empleado442,Apellido442,600000441,,2
E443,Empleado443,Apellido443,600000442,,3
E444,Empleado444,Apellido444,600000443,,4
E445,Empleado445,Apellido445,600000444,,5
E446,Empleado446,Apellido446,600000445,,6
E447,Empleado447,Apellido447,600000446,,7
E448,Empleado448,Apellido448,600000447,,8
E449,Empleado449,Apellido449,600000448,,9
E450,Empleado450,Apellido450,600000449,,10
E451,Empleado451,Apellido451,600000450,,1
E452,Empleado452,Apellido452,600000451,,2
E453,Empleado453,Apellido453,600000452,,3
E454,Empleado454,Apellido454,600000453,,4
E455,Empleado455,Apellido455,600000454,,5
E456,Empleado456,Apellido456,600000455,,6
E457,Empleado457,Apellido457,600000456,,7
E458,Empleado458,Apellido458,600000457,,8
E459,Empleado459,Apellido459,600000458,,9
E460,Empleado460,Apellido460,600000459,,10
E461,Empleado461,Apellido461,600000460,,1
E462,Empleado462,Apellido462,600000461,,2
E463,Empleado463,Apellido463,600000462,,3
E464,Empleado464,Apellido464,600000463,,4
E465,Empleado465,Apellido465,600000464,,5
E466,Empleado466,Apellido466,600000465,,6
E467,Empleado467,Apellido467,600000466,,7
E468,Empleado468,Apellido468,600000467,,8
E469,Empleado469,Apellido469,600000468,,9
E470,Empleado470,Apellido470,600000469,,10
E471,Empleado471,Apellido471,600000470,,1
E472,Empleado472,Apellido472,600000471,,2
E473,Empleado473,Apellido473,600000472,,3
E474,Empleado474,Apellido474,600000473,,4
E475,Empleado475,Apellido475,600000474,,5
E476,Empleado476,Apellido476,600000475,,6
E477,Empleado477,Apellido477,600000476,,7
E478,Empleado478,Apellido478,600000477,,8
E479,Empleado479,Apellido479,600000478,,9
E480,Empleado480,Apellido480,600000479,,10
E481,Empleado481,Apellido481,600000480,,1
E482,Empleado482,Apellido482,600000481,,2
E483,Empleado483,Apellido483,600000482,,3
E484,Empleado484,Apellido484,600000483,,4
E485,Empleado485,Apellido485,600000484,,5
E486,Empleado486,Apellido486,600000485,,6
E487,Empleado487,Apellido487,600000486,,7
E488,Empleado488,Apellido488,600000487,,8
E489,Empleado489,Apellido489,600000488,,9
E490,Empleado490,Apellido490,600000489,,10
E491,Empleado491,Apellido491,600000490,,1
E492,Empleado492,Apellido492,600000491,,2
E493,Empleado493,Apellido493,600000492,,3
E494,Empleado494,Apellido494,600000493,,4
E495,Empleado495,Apellido495,600000494,,5
E496,Empleado496,Apellido496,600000495,,6
E497,Empleado497,Apellido497,600000496,,7
E498,Empleado498,Apellido498,600000497,,8
E499,Empleado499,Apellido499,600000498,,9
E500,Empleado500,Apellido500,600000499,,10
E501,Empleado501,Apellido501,600000500,,1
E502,Empleado502,Apellido502,600000501,,2
E503,Empleado503,Apellido503,600000502,,3
E504,Empleado504,Apellido504,600000503,,4
E505,Empleado505,Apellido505,600000504,,5
E506,Empleado506,Apellido506,600000505,,6
E507,Empleado507,Apellido507,600000506,,7
E508,Empleado508,Apellido508,600000507,,8
E509,Empleado509,Apellido509,600000508,,9
E510,Empleado510,Apellido510,600000509,,10
E511,Empleado511,Apellido511,600000510,,1
E512,Empleado512,Apellido512,600000511,,2
E513,Empleado513,Apellido513,600000512,,3
E514,Empleado514,Apellido514,600000513,,4
E515,Empleado515,Apellido515,600000514,,5
E516,Empleado516,Apellido516,600000515,,6
E517,Empleado517,Apellido517,600000516,,7
E518,Empleado518,Apellido518,600000517,,8
E519,Empleado519,Apellido519,600000518,,9
E520,Empleado520,Apellido520,600000519,,10
E521,Empleado521,Apellido521,600000520,,1
E522,Empleado522,Apellido522,600000521,,2
E523,Empleado523,Apellido523,600000522,,3
E524,Empleado524,Apellido524,600000523,,4
E525,Empleado525,Apellido525,600000524,,5
E526,Empleado526,Apellido526,600000525,,6
E527,Empleado527,Apellido527,600000526,,7
E528,Empleado528,Apellido528,600000527,,8
E529,Empleado529,Apellido529,600000528,,9
E530,Empleado530,Apellido530,600000529,,10
E531,Empleado531,Apellido531,600000530,,1
E532,Empleado532,Apellido532,600000531,,2
E533,Empleado533,Apellido533,600000532,,3
E534,Empleado534,Apellido534,600000533,,4
E535,Empleado535,Apellido535,600000534,,5
E536,Empleado536,Apellido536,600000535,,6
E537,Empleado537,Apellido537,600000536,,7
E538,Empleado538,Apellido538,600000537,,8
E539,Empleado539,Apellido539,600000538,,9
E540,Empleado540,Apellido540,600000539,,10
E541,Empleado541,Apellido541,600000540,,1
E542,Empleado542,Apellido542,600000541,,2
E543,Empleado543,Apellido543,600000542,,3
E544,Empleado544,Apellido544,600000543,,4
E545,Empleado545,Apellido545,600000544,,5
E546,Empleado546,Apellido546,600000545,,6
E547,Empleado547,Apellido547,600000546,,7
E548,Empleado548,Apellido548,600000547,,8
E549,Empleado549,Apellido549,600000548,,9
E550,Empleado550,Apellido550,600000549,,10
E551,Empleado551,Apellido551,600000550,,1
E552,Empleado552,Apellido552,600000551,,2
E553,Empleado553,Apellido553,600000552,,3
E554,Empleado554,Apellido554,600000553,,4
E555,Empleado555,Apellido555,600000554,,5
E556,Empleado556,Apellido556,600000555,,6
E557,Empleado557,Apellido557,600000556,,7
E558,Empleado558,Apellido558,600000557,,8
E559,Empleado559,Apellido559,600000558,,9
E560,Empleado560,Apellido560,600000559,,10
E561,Empleado561,Apellido561,600000560,,1
E562,Empleado562,Apellido562,600000561,,2
E563,Empleado563,Apellido563,600000562,,3
E564,Empleado564,Apellido564,600000563,,4
E565,Empleado565,Apellido565,600000564,,5
E566,Empleado566,Apellido566,600000565,,6
E567,Empleado567,Apellido567,600000566,,7
E568,Empleado568,Apellido568,600000567,,8
E569,Empleado569,Apellido569,600000568,,9
E570,Empleado570,Apellido570,600000569,,10
E571,Empleado571,Apellido571,600000570,,1
E572,Empleado572,Apellido572,600000571,,2
E573,Empleado573,Apellido573,600000572,,3
E574,Empleado574,Apellido574,600000573,,4
E575,Empleado575,Apellido575,600000574,,5
E576,Empleado576,Apellido576,600000575,,6
E577,Empleado577,Apellido577,600000576,,7
E578,Empleado578,Apellido578,600000577,,8
E579,Empleado579,Apellido579,600000578,,9
E580,Empleado580,Apellido580,600000579,,10
E581,Empleado581,Apellido581,600000580,,1
E582,Empleado582,Apellido582,600000581,,2
E583,Empleado583,Apellido583,600000582,,3
E584,Empleado584,Apellido584,600000583,,4
E585,Empleado585,Apellido585,600000584,,5
E586,Empleado586,Apellido586,600000585,,6
E587,Empleado587,Apellido587,600000586,,7
E588,Empleado588,Apellido588,600000587,,8
E589,Empleado589,Apellido589,600000588,,9
E590,Empleado590,Apellido590,600000589,,10
E591,Empleado591,Apellido591,600000590,,1
E592,Empleado592,Apellido592,600000591,,2
E593,Empleado593,Apellido593,600000592,,3
E594,Empleado594,Apellido594,600000593,,4
E595,Empleado595,Apellido595,600000594,,5
E596,Empleado596,Apellido596,600000595,,6
E597,Empleado597,Apellido597,600000596,,7
E598,Empleado598,Apellido598,600000597,,8
E599,Empleado599,Apellido599,600000598,,9
E600,Empleado600,Apellido600,600000599,,10
E601,Empleado601,Apellido601,600000600,,1
E602,Empleado602,Apellido602,600000601,,2
E603,Empleado603,Apellido603,600000602,,3
E604,Empleado604,Apellido604,600000603,,4
E605,Empleado605,Apellido605,600000604,,5
E606,Empleado606,Apellido606,600000605,,6
E607,Empleado607,Apellido607,600000606,,7
E608,Empleado608,Apellido608,600000607,,8
E609,Empleado609,Apellido609,600000608,,9
E610,Empleado610,Apellido610,600000609,,10
E611,Empleado611,Apellido611,600000610,,1
E612,Empleado612,Apellido612,600000611,,2
E613,Empleado613,Apellido613,600000612,,3
E614,Empleado614,Apellido614,600000613,,4
E615,Empleado615,Apellido615,600000614,,5
E616,Empleado616,Apellido616,600000615,,6
E617,Empleado617,Apellido617,600000616,,7
E618,Empleado618,Apellido618,600000617,,8
E619,Empleado619,Apellido619,600000618,,9
E620,Empleado620,Apellido620,600000619,,10
E621,Empleado621,Apellido621,600000620,,1
E622,Empleado622,Apellido622,600000621,,2
E623,Empleado623,Apellido623,600000622,,3
E624,Empleado624,Apellido624,600000623,,4
E625,Empleado625,Apellido625,600000624,,5
E626,Empleado626,Apellido626,600000625,,6
E627,Empleado627,Apellido627,600000626,,7
E628,Empleado628,Apellido628,600000627,,8
E629,Empleado629,Apellido629,600000628,,9
E630,Empleado630,Apellido630,600000629,,10
E631,Empleado631,Apellido631,600000630,,1
E632,Empleado632,Apellido632,600000631,,2
E633,Empleado633,Apellido633,600000632,,3
E634,Empleado634,Apellido634,600000633,,4
E635,Empleado635,Apellido635,600000634,,5
E636,Empleado636,Apellido636,600000635,,6
E637,Empleado637,Apellido637,600000636,,7
E638,Empleado638,Apellido638,600000637,,8
E639,Empleado639,Apellido639,600000638,,9
E640,Empleado640,Apellido640,600000639,,10
E641,Empleado641,Apellido641,600000640,,1
E642,Empleado642,Apellido642,600000641,,2
E643,Empleado643,Apellido643,600000642,,3
E644,Empleado644,Apellido644,600000643,,4
E645,Empleado645,Apellido645,600000644,,5
E646,Empleado646,Apellido646,600000645,,6
E647,Empleado647,Apellido647,600000646,,7
E648,Empleado648,Apellido648,600000647,,8
E649,Empleado649,Apellido649,600000648,,9
E650,Empleado650,Apellido650,600000649,,10
E651,Empleado651,Apellido651,600000650,,1
E652,Empleado652,Apellido652,600000651,,2
E653,Empleado653,Apellido653,600000652,,3
E654,Empleado654,Apellido654,600000653,,4
E655,Empleado655,Apellido655,600000654,,5
E656,Empleado656,Apellido656,600000655,,6
E657,Empleado657,Apellido657,600000656,,7
E658,Empleado658,Apellido658,600000657,,8
E659,Empleado659,Apellido659,600000658,,9
E660,Empleado660,Apellido660,600000659,,10
E661,Empleado661,Apellido661,600000660,,1
E662,Empleado662,Apellido662,600000661,,2
E663,Empleado663,Apellido663,600000662,,3
E664,Empleado664,Apellido664,600000663,,4
E665,Empleado665,Apellido665,600000664,,5
E666,Empleado666,Apellido666,600000665,,6
E667,Empleado667,Apellido667,600000666,,7
E668,Empleado668,Apellido668,600000667,,8
E669,Empleado669,Apellido669,600000668,,9
E670,Empleado670,Apellido670,600000669,,10
E671,Empleado671,Apellido671,600000670,,1
E672,Empleado672,Apellido672,600000671,,2
E673,Empleado673,Apellido673,600000672,,3
E674,Empleado674,Apellido674,600000673,,4
E675,Empleado675,Apellido675,600000674,,5
E676,Empleado676,Apellido676,600000675,,6
E677,Empleado677,Apellido677,600000676,,7
E678,Empleado678,Apellido678,600000677,,8
E679,Empleado679,Apellido679,600000678,,9
E680,Empleado680,Apellido680,600000679,,10
E681,Empleado681,Apellido681,600000680,,1
E682,Empleado682,Apellido682,600000681,,2
E683,Empleado683,Apellido683,600000682,,3
E684,Empleado684,Apellido684,600000683,,4
E685,Empleado685,Apellido685,600000684,,5
E686,Empleado686,Apellido686,600000685,,6
E687,Empleado687,Apellido687,600000686,,7
E688,Empleado688,Apellido688,600000687,,8
E689,Empleado689,Apellido689,600000688,,9
E690,Empleado690,Apellido690,600000689,,10
E691,Empleado691,Apellido691,600000690,,1
E692,Empleado692,Apellido692,600000691,,2
E693,Empleado693,Apellido693,600000692,,3
E694,Empleado694,Apellido694,600000693,,4
E695,Empleado695,Apellido695,600000694,,5
E696,Empleado696,Apellido696,600000695,,6
E697,Empleado697,Apellido697,600000696,,7
E698,Empleado698,Apellido698,600000697,,8
E699,Empleado699,Apellido699,600000698,,9
E700,Empleado700,Apellido700,600000699,,10
E701,Empleado701,Apellido701,600000700,,1
E702,Empleado702,Apellido702,600000701,,2
E703,Empleado703,Apellido703,600000702,,3
E704,Empleado704,Apellido704,600000703,,4
E705,Empleado705,Apellido705,600000704,,5
E706,Empleado706,Apellido706,600000705,,6
E707,Empleado707,Apellido707,600000706,,7
E708,Empleado708,Apellido708,600000707,,8
E709,Empleado709,Apellido709,600000708,,9
E710,Empleado710,Apellido710,600000709,,10
E711,Empleado711,Apellido711,600000710,,1
E712,Empleado712,Apellido712,600000711,,2
E713,Empleado713,Apellido713,600000712,,3
E714,Empleado714,Apellido714,600000713,,4
E715,Empleado715,Apellido715,600000714,,5
E716,Empleado716,Apellido716,600000715,,6
E717,Empleado717,Apellido717,600000716,,7
E718,Empleado718,Apellido718,600000717,,8
E719,Empleado719,Apellido719,600000718,,9
E720,Empleado720,Apellido720,600000719,,10
E721,Empleado721,Apellido721,600000720,,1
E722,Empleado722,Apellido722,600000721,,2
E723,Empleado723,Apellido723,600000722,,3
E724,Empleado724,Apellido724,600000723,,4
E725,Empleado725,Apellido725,600000724,,5
E726,Empleado726,Apellido726,600000725,,6
E727,Empleado727,Apellido727,600000726,,7
E728,Empleado728,Apellido728,600000727,,8
E729,Empleado729,Apellido729,600000728,,9
E730,Empleado730,Apellido730,600000729,,10
E731,Empleado731,Apellido731,600000730,,1
E732,Empleado732,Apellido732,600000731,,2
E733,Empleado733,Apellido733,600000732,,3
E734,Empleado734,Apellido734,600000733,,4
E735,Empleado735,Apellido735,600000734,,5
E736,Empleado736,Apellido736,600000735,,6
E737,Empleado737,Apellido737,600000736,,7
E738,Empleado738,Apellido738,600000737,,8
E739,Empleado739,Apellido739,600000738,,9
E740,Empleado740,Apellido740,600000739,,10
E741,Empleado741,Apellido741,600000740,,1
E742,Empleado742,Apellido742,600000741,,2
E743,Empleado743,Apellido743,600000742,,3
E744,Empleado744,Apellido744,600000743,,4
E745,Empleado745,Apellido745,600000744,,5
E746,Empleado746,Apellido746,600000745,,6
E747,Empleado747,Apellido747,600000746,,7
E748,Empleado748,Apellido748,600000747,,8
E749,Empleado749,Apellido749,600000748,,9
E750,Empleado750,Apellido750,600000749,,10
E751,Empleado751,Apellido751,600000750,,1
E752,Empleado752,Apellido752,600000751,,2
E753,Empleado753,Apellido753,600000752,,3
E754,Empleado754,Apellido754,600000753,,4
E755,Empleado755,Apellido755,600000754,,5
E756,Empleado756,Apellido756,600000755,,6
E757,Empleado757,Apellido757,600000756,,7
E758,Empleado758,Apellido758,600000757,,8
E759,Empleado759,Apellido759,600000758,,9
E760,Empleado760,Apellido760,600000759,,10
E761,Empleado761,Apellido761,600000760,,1
E762,Empleado762,Apellido762,600000761,,2
E763,Empleado763,Apellido763,600000762,,3
E764,Empleado764,Apellido764,600000763,,4
E765,Empleado765,Apellido765,600000764,,5
E766,Empleado766,Apellido766,600000765,,6
E767,Empleado767,Apellido767,600000766,,7
E768,Empleado768,Apellido768,600000767,,8
E769,Empleado769,Apellido769,600000768,,9
E770,Empleado770,Apellido770,600000769,,10
E771,Empleado771,Apellido771,600000770,,1
E772,Empleado772,Apellido772,600000771,,2
E773,Empleado773,Apellido773,600000772,,3
E774,Empleado774,Apellido774,600000773,,4
E775,Empleado775,Apellido775,600000774,,5
E776,Empleado776,Apellido776,600000775,,6
E777,Empleado777,Apellido777,600000776,,7
E778,Empleado778,Apellido778,600000777,,8
E779,Empleado779,Apellido779,600000778,,9
E780,Empleado780,Apellido780,600000779,,10
E781,Empleado781,Apellido781,600000780,,1
E782,Empleado782,Apellido782,600000781,,2
E783,Empleado783,Apellido783,600000782,,3
E784,Empleado784,Apellido784,600000783,,4
E785,Empleado785,Apellido785,600000784,,5
E786,Empleado786,Apellido786,600000785,,6
E787,Empleado787,Apellido787,600000786,,7
E788,Empleado788,Apellido788,600000787,,8
E789,Empleado789,Apellido789,600000788,,9
E790,Empleado790,Apellido790,600000789,,10
E791,Empleado791,Apellido791,600000790,,1
E792,Empleado792,Apellido792,600000791,,2
E793,Empleado793,Apellido793,600000792,,3
E794,Empleado794,Apellido794,600000793,,4
E795,Empleado795,Apellido795,600000794,,5
E796,Empleado796,Apellido796,600000795,,6
E797,Empleado797,Apellido797,600000796,,7
E798,Empleado798,Apellido798,600000797,,8
E799,Empleado799,Apellido799,600000798,,9
E800,Empleado800,Apellido800,600000799,,10
E801,Empleado801,Apellido801,600000800,,1
E802,Empleado802,Apellido802,600000801,,2
E803,Empleado803,Apellido803,600000802,,3
E804,Empleado804,Apellido804,600000803,,4
E805,Empleado805,Apellido805,600000804,,5
E806,Empleado806,Apellido806,600000805,,6
E807,Empleado807,Apellido807,600000806,,7
E808,Empleado808,Apellido808,600000807,,8
E809,Empleado809,Apellido809,600000808,,9
E810,Empleado810,Apellido810,600000809,,10
E811,Empleado811,Apellido811,600000810,,1
E812,Empleado812,Apellido812,600000811,,2
E813,Empleado813,Apellido813,600000812,,3
E814,Empleado814,Apellido814,600000813,,4
E815,Empleado815,Apellido815,600000814,,5
E816,Empleado816,Apellido816,600000815,,6
E817,Empleado817,Apellido817,600000816,,7
E818,Empleado818,Apellido818,600000817,,8
E819,Empleado819,Apellido819,600000818,,9
E820,Empleado820,Apellido820,600000819,,10
E821,Empleado821,Apellido821,600000820,,1
E822,Empleado822,Apellido822,600000821,,2
E823,Empleado823,Apellido823,600000822,,3
E824,Empleado824,Apellido824,600000823,,4
E825,Empleado825,Apellido825,600000824,,5
E826,Empleado826,Apellido826,600000825,,6
E827,Empleado827,Apellido827,600000826,,7
E828,Empleado828,Apellido828,600000827,,8
E829,Empleado829,Apellido829,600000828,,9
E830,Empleado830,Apellido830,600000829,,10
E831,Empleado831,Apellido831,600000830,,1
E832,Empleado832,Apellido832,600000831,,2
E833,Empleado833,Apellido833,600000832,,3
E834,Empleado834,Apellido834,600000833,,4
E835,Empleado835,Apellido835,600000834,,5
E836,Empleado836,Apellido836,600000835,,6
E837,Empleado837,Apellido837,600000836,,7
E838,Empleado838,Apellido838,600000837,,8
E839,Empleado839,Apellido839,600000838,,9
E840,Empleado840,Apellido840,600000839,,10
E841,Empleado841,Apellido841,600000840,,1
E842,Empleado842,Apellido842,600000841,,2
E843,Empleado843,Apellido843,600000842,,3
E844,Empleado844,Apellido844,600000843,,4
E845,Empleado845,Apellido845,600000844,,5
E846,Empleado846,Apellido846,600000845,,6
E847,Empleado847,Apellido847,600000846,,7
E848,Empleado848,Apellido848,600000847,,8
E849,Empleado849,Apellido849,600000848,,9
E850,Empleado850,Apellido850,600000849,,10
E851,Empleado851,Apellido851,600000850,,1
E852,Empleado852,Apellido852,600000851,,2
E853,Empleado853,Apellido853,600000852,,3
E854,Empleado854,Apellido854,600000853,,4
E855,Empleado855,Apellido855,600000854,,5
E856,Empleado856,Apellido856,600000855,,6
E857,Empleado857,Apellido857,600000856,,7
E858,Empleado858,Apellido858,600000857,,8
E859,Empleado859,Apellido859,600000858,,9
E860,Empleado860,Apellido860,600000859,,10
E861,Empleado861,Apellido861,600000860,,1
E862,Empleado862,Apellido862,600000861,,2
E863,Empleado863,Apellido863,600000862,,3
E864,Empleado864,Apellido864,600000863,,4
E865,Empleado865,Apellido865,600000864,,5
E866,Empleado866,Apellido866,600000865,,6
E867,Empleado867,Apellido867,600000866,,7
E868,Empleado868,Apellido868,600000867,,8
E869,Empleado869,Apellido869,600000868,,9
E870,Empleado870,Apellido870,600000869,,10
E871,Empleado871,Apellido871,600000870,,1
E872,Empleado872,Apellido872,600000871,,2
E873,Empleado873,Apellido873,600000872,,3
E874,Empleado874,Apellido874,600000873,,4
E875,Empleado875,Apellido875,600000874,,5
E876,Empleado876,Apellido876,600000875,,6
E877,Empleado877,Apellido877,600000876,,7
E878,Empleado878,Apellido878,600000877,,8
E879,Empleado879,Apellido879,600000878,,9
E880,Empleado880,Apellido880,600000879,,10
E881,Empleado881,Apellido881,600000880,,1
E882,Empleado882,Apellido882,600000881,,2
E883,Empleado883,Apellido883,600000882,,3
E884,Empleado884,Apellido884,600000883,,4
E885,Empleado885,Apellido885,600000884,,5
E886,Empleado886,Apellido886,600000885,,6
E887,Empleado887,Apellido887,600000886,,7
E888,Empleado888,Apellido888,600000887,,8
E889,Empleado889,Apellido889,600000888,,9
E890,Empleado890,Apellido890,600000889,,10
E891,Empleado891,Apellido891,600000890,,1
E892,Empleado892,Apellido892,600000891,,2
E893,Empleado893,Apellido893,600000892,,3
E894,Empleado894,Apellido894,600000893,,4
E895,Empleado895,Apellido895,600000894,,5
E896,Empleado896,Apellido896,600000895,,6
E897,Empleado897,Apellido897,600000896,,7
E898,Empleado898,Apellido898,600000897,,8
E899,Empleado899,Apellido899,600000898,,9
E900,Empleado900,Apellido900,600000899,,10
E901,Empleado901,Apellido901,600000900,,1
E902,Empleado902,Apellido902,600000901,,2
E903,Empleado903,Apellido903,600000902,,3
E904,Empleado904,Apellido904,600000903,,4
E905,Empleado905,Apellido905,600000904,,5
E906,Empleado906,Apellido906,600000905,,6
E907,Empleado907,Apellido907,600000906,,7
E908,Empleado908,Apellido908,600000907,,8
E909,Empleado909,Apellido909,600000908,,9
E910,Empleado910,Apellido910,600000909,,10
E911,Empleado911,Apellido911,600000910,,1
E912,Empleado912,Apellido912,600000911,,2
E913,Empleado913,Apellido913,600000912,,3
E914,Empleado914,Apellido914,600000913,,4
E915,Empleado915,Apellido915,600000914,,5
E916,Empleado916,Apellido916,600000915,,6
E917,Empleado917,Apellido917,600000916,,7
E918,Empleado918,Apellido918,600000917,,8
E919,Empleado919,Apellido919,600000918,,9
E920,Empleado920,Apellido920,600000919,,10
E921,Empleado921,Apellido921,600000920,,1
E922,Empleado922,Apellido922,600000921,,2
E923,Empleado923,Apellido923,600000922,,3
E924,Empleado924,Apellido924,600000923,,4
E925,Empleado925,Apellido925,600000924,,5
E926,Empleado926,Apellido926,600000925,,6
E927,Empleado927,Apellido927,600000926,,7
E928,Empleado928,Apellido928,600000927,,8
E929,Empleado929,Apellido929,600000928,,9
E930,Empleado930,Apellido930,600000929,,10
E931,Empleado931,Apellido931,600000930,,1
E932,Empleado932,Apellido932,600000931,,2
E933,Empleado933,Apellido933,600000932,,3
E934,Empleado934,Apellido934,600000933,,4
E935,Empleado935,Apellido935,600000934,,5
E936,Empleado936,Apellido936,600000935,,6
E937,Empleado937,Apellido937,600000936,,7
E938,Empleado938,Apellido938,600000937,,8
E939,Empleado939,Apellido939,600000938,,9
E940,Empleado940,Apellido940,600000939,,10
E941,Empleado941,Apellido941,600000940,,1
E942,Empleado942,Apellido942,600000941,,2
E943,Empleado943,Apellido943,600000942,,3
E944,Empleado944,Apellido944,600000943,,4
E945,Empleado945,Apellido945,600000944,,5
E946,Empleado946,Apellido946,600000945,,6
E947,Empleado947,Apellido947,600000946,,7
E948,Empleado948,Apellido948,600000947,,8
E949,Empleado949,Apellido949,600000948,,9
E950,Empleado950,Apellido950,600000949,,10
E951,Empleado951,Apellido951,600000950,,1
E952,Empleado952,Apellido952,600000951,,2
E953,Empleado953,Apellido953,600000952,,3
E954,Empleado954,Apellido954,600000953,,4
E955,Empleado955,Apellido955,600000954,,5
E956,Empleado956,Apellido956,600000955,,6
E957,Empleado957,Apellido957,600000956,,7
E958,Empleado958,Apellido958,600000957,,8
E959,Empleado959,Apellido959,600000958,,9
E960,Empleado960,Apellido960,600000959,,10
E961,Empleado961,Apellido961,600000960,,1
E962,Empleado962,Apellido962,600000961,,2
E963,Empleado963,Apellido963,600000962,,3
E964,Empleado964,Apellido964,600000963,,4
E965,Empleado965,Apellido965,600000964,,5
E966,Empleado966,Apellido966,600000965,,6
E967,Empleado967,Apellido967,600000966,,7
E968,Empleado968,Apellido968,600000967,,8
E969,Empleado969,Apellido969,600000968,,9
E970,Empleado970,Apellido970,600000969,,10
E971,Empleado971,Apellido971,600000970,,1
E972,Empleado972,Apellido972,600000971,,2
E973,Empleado973,Apellido973,600000972,,3
E974,Empleado974,Apellido974,600000973,,4
E975,Empleado975,Apellido975,600000974,,5
E976,Empleado976,Apellido976,600000975,,6
E977,Empleado977,Apellido977,600000976,,7
E978,Empleado978,Apellido978,600000977,,8
E979,Empleado979,Apellido979,600000978,,9
E980,Empleado980,Apellido980,600000979,,10
E981,Empleado981,Apellido981,600000980,,1
E982,Empleado982,Apellido982,600000981,,2
E983,Empleado983,Apellido983,600000982,,3
E984,Empleado984,Apellido984,600000983,,4
E985,Empleado985,Apellido985,600000984,,5
E986,Empleado986,Apellido986,600000985,,6
E987,Empleado987,Apellido987,600000986,,7
E988,Empleado988,Apellido988,600000987,,8
E989,Empleado989,Apellido989,600000988,,9
E990,Empleado990,Apellido990,600000989,,10
E991,Empleado991,Apellido991,600000990,,1
E992,Empleado992,Apellido992,600000991,,2
E993,Empleado993,Apellido993,600000992,,3
E994,Empleado994,Apellido994,600000993,,4
E995,Empleado995,Apellido995,600000994,,5
E996,Empleado996,Apellido996,600000995,,6
E997,Empleado997,Apellido997,600000996,,7
E998,Empleado998,Apellido998,600000997,,8
E999,Empleado999,Apellido999,600000998,,9
E1000,Empleado1000,Apellido1000,600000999,,10
