idProducto,tipo,Marca,Precio,Descripcion
1,Accesorio,Sony,992.82,Sony Accesorio modelo 397 con características avanzadas
2,Accesorio,Apple,834.23,Apple Accesorio modelo 778 con características avanzadas
3,Accesorio,Motorola,292.9,Motorola Accesorio modelo 338 con características avanzadas
4,Accesorio,OnePlus,635.97,OnePlus Accesorio modelo 686 con características avanzadas
5,Smartwatch,Apple,128.61,Apple Smartwatch modelo 410 con características avanzadas
6,Tablet,OnePlus,492.11,OnePlus Tablet modelo 591 con características avanzadas
7,Smartwatch,Realme,782.28,Realme Smartwatch modelo 914 con características avanzadas
8,Smartwatch,Realme,177.7,Realme Smartwatch modelo 713 con características avanzadas
9,Accesorio,Apple,107.8,Apple Accesorio modelo 513 con características avanzadas
10,Tablet,Realme,420.39,Realme Tablet modelo 684 con características avanzadas
11,Tablet,Sony,887.69,Sony Tablet modelo 639 con características avanzadas
12,Smartwatch,Realme,301.59,Realme Smartwatch modelo 704 con características avanzadas
13,Accesorio,OnePlus,884.9,OnePlus Accesorio modelo 535 con características avanzadas
14,Smartwatch,Realme,728.38,Realme Smartwatch modelo 860 con características avanzadas
15,Accesorio,Sony,151.18,Sony Accesorio modelo 390 con características avanzadas
16,Smartwatch,Sony,481.99,Sony Smartwatch modelo 833 con características avanzadas
17,Smartwatch,OnePlus,870.97,OnePlus Smartwatch modelo 176 con características avanzadas
18,Smartphone,Sony,695.55,Sony Smartphone modelo 945 con características avanzadas
19,Smartphone,Realme,166.39,Realme Smartphone modelo 473 con características avanzadas
20,Tablet,Apple,1334.84,Apple Tablet modelo 949 con características avanzadas
21,Smartphone,Xiaomi,173.21,Xiaomi Smartphone modelo 167 con características avanzadas
22,Smartphone,Sony,1490.28,Sony Smartphone modelo 815 con características avanzadas
23,Tablet,Motorola,394.7,Motorola Tablet modelo 258 con características avanzadas
24,Tablet,Motorola,1238.27,Motorola Tablet modelo 931 con características avanzadas
25,Accesorio,Huawei,1311.2,Huawei Accesorio modelo 385 con características avanzadas
26,Smartphone,Sony,1158.04,Sony Smartphone modelo 147 con características avanzadas
27,Smartwatch,Huawei,1458.19,Huawei Smartwatch modelo 110 con características avanzadas
28,Accesorio,Xiaomi,560.05,Xiaomi Accesorio modelo 228 con características avanzadas
29,Tablet,Realme,651.55,Realme Tablet modelo 665 con características avanzadas
30,Smartwatch,Realme,752.47,Realme Smartwatch modelo 580 con características avanzadas
31,Smartwatch,OnePlus,1426.27,OnePlus Smartwatch modelo 303 con características avanzadas
32,Smartphone,Apple,377.04,Apple Smartphone modelo 841 con características avanzadas
33,Accesorio,Sony,999.56,Sony Accesorio modelo 525 con características avanzadas
34,Smartphone,Xiaomi,883.28,Xiaomi Smartphone modelo 871 con características avanzadas
35,Smartphone,Xiaomi,485.42,Xiaomi Smartphone modelo 290 con características avanzadas
36,Smartphone,Apple,443.41,Apple Smartphone modelo 183 con características avanzadas
37,Smartphone,Apple,152.01,Apple Smartphone modelo 142 con características avanzadas
38,Smartwatch,Sony,1258.86,Sony Smartwatch modelo 428 con características avanzadas
39,Accesorio,Sony,1136.66,Sony Accesorio modelo 278 con características avanzadas
40,Smartwatch,OnePlus,1476.19,OnePlus Smartwatch modelo 845 con características avanzadas
41,Tablet,OnePlus,877.26,OnePlus Tablet modelo 767 con características avanzadas
42,Smartwatch,Motorola,314.75,Motorola Smartwatch modelo 508 con características avanzadas
43,Accesorio,Sony,718.95,Sony Accesorio modelo 221 con características avanzadas
44,Accesorio,Samsung,1016.03,Samsung Accesorio modelo 191 con características avanzadas
45,Tablet,Xiaomi,1136.46,Xiaomi Tablet modelo 958 con características avanzadas
46,Tablet,Realme,711.53,Realme Tablet modelo 474 con características avanzadas
47,Smartwatch,OnePlus,1417.01,OnePlus Smartwatch modelo 522 con características avanzadas
48,Smartphone,Samsung,1179.66,Samsung Smartphone modelo 908 con características avanzadas
49,Accesorio,Sony,1478.92,Sony Accesorio modelo 747 con características avanzadas
50,Smartwatch,Huawei,216.53,Huawei Smartwatch modelo 644 con características avanzadas
51,Accesorio,OnePlus,520.61,OnePlus Accesorio modelo 608 con características avanzadas
52,Tablet,Huawei,826.63,Huawei Tablet modelo 431 con características avanzadas
53,Tablet,Apple,450.86,Apple Tablet modelo 297 con características avanzadas
54,Accesorio,Sony,1384.68,Sony Accesorio modelo 132 con características avanzadas
55,Tablet,Realme,527.45,Realme Tablet modelo 736 con características avanzadas
56,Accesorio,Xiaomi,1470.73,Xiaomi Accesorio modelo 877 con características avanzadas
57,Tablet,Xiaomi,164.43,Xiaomi Tablet modelo 216 con características avanzadas
58,Smartphone,Sony,984.51,Sony Smartphone modelo 187 con características avanzadas
59,Tablet,OnePlus,1029.66,OnePlus Tablet modelo 993 con características avanzadas
60,Accesorio,Apple,866.52,Apple Accesorio modelo 568 con características avanzadas
61,Smartphone,Motorola,257.13,Motorola Smartphone modelo 915 con características avanzadas
62,Smartphone,Xiaomi,708.47,Xiaomi Smartphone modelo 301 con características avanzadas
63,Smartphone,Samsung,1352.0,Samsung Smartphone modelo 570 con características avanzadas
64,Tablet,Huawei,414.59,Huawei Tablet modelo 539 con características avanzadas
65,Tablet,Apple,591.35,Apple Tablet modelo 237 con características avanzadas
66,Tablet,Realme,372.84,Realme Tablet modelo 923 con características avanzadas
67,Smartwatch,Apple,1039.11,Apple Smartwatch modelo 972 con características avanzadas
68,Smartwatch,OnePlus,447.66,OnePlus Smartwatch modelo 410 con características avanzadas
69,Tablet,Motorola,141.44,Motorola Tablet modelo 835 con características avanzadas
70,Smartphone,Motorola,590.28,Motorola Smartphone modelo 843 con características avanzadas
71,Smartwatch,Realme,688.68,Realme Smartwatch modelo 262 con características avanzadas
72,Accesorio,OnePlus,461.14,OnePlus Accesorio modelo 696 con características avanzadas
73,Accesorio,Huawei,365.65,Huawei Accesorio modelo 841 con características avanzadas
74,Smartphone,Samsung,528.31,Samsung Smartphone modelo 241 con características avanzadas
75,Tablet,Huawei,308.1,Huawei Tablet modelo 882 con características avanzadas
76,Smartphone,Realme,1399.19,Realme Smartphone modelo 718 con características avanzadas
77,Smartwatch,Sony,1452.17,Sony Smartwatch modelo 897 con características avanzadas
78,Smartphone,Realme,414.52,Realme Smartphone modelo 105 con características avanzadas
79,Tablet,Sony,112.39,Sony Tablet modelo 517 con características avanzadas
80,Smartwatch,OnePlus,1260.09,OnePlus Smartwatch modelo 619 con características avanzadas
81,Tablet,Apple,1246.33,Apple Tablet modelo 388 con características avanzadas
82,Accesorio,Samsung,1266.96,Samsung Accesorio modelo 823 con características avanzadas
83,Smartwatch,Motorola,1427.09,Motorola Smartwatch modelo 366 con características avanzadas
84,Accesorio,OnePlus,695.17,OnePlus Accesorio modelo 828 con características avanzadas
85,Smartwatch,Samsung,444.1,Samsung Smartwatch modelo 384 con características avanzadas
86,Accesorio,Apple,799.42,Apple Accesorio modelo 195 con características avanzadas
87,Smartphone,Realme,1302.04,Realme Smartphone modelo 826 con características avanzadas
88,Smartwatch,Sony,185.16,Sony Smartwatch modelo 312 con características avanzadas
89,Accesorio,Xiaomi,474.46,Xiaomi Accesorio modelo 826 con características avanzadas
90,Tablet,Sony,426.42,Sony Tablet modelo 608 con características avanzadas
91,Tablet,Motorola,254.93,Motorola Tablet modelo 248 con características avanzadas
92,Smartphone,Sony,872.45,Sony Smartphone modelo 254 con características avanzadas
93,Smartwatch,Realme,538.95,Realme Smartwatch modelo 693 con características avanzadas
94,Smartphone,Samsung,1371.32,Samsung Smartphone modelo 831 con características avanzadas
95,Accesorio,Realme,1386.51,Realme Accesorio modelo 616 con características avanzadas
96,Smartwatch,Motorola,1175.44,Motorola Smartwatch modelo 312 con características avanzadas
97,Accesorio,Realme,1098.15,Realme Accesorio modelo 370 con características avanzadas
98,Accesorio,Samsung,908.58,Samsung Accesorio modelo 472 con características avanzadas
99,Accesorio,OnePlus,1333.81,OnePlus Accesorio modelo 134 con características avanzadas
100,Smartwatch,Huawei,1445.34,Huawei Smartwatch modelo 169 con características avanzadas
101,Accesorio,OnePlus,1381.18,OnePlus Accesorio modelo 191 con características avanzadas
102,Tablet,Xiaomi,797.72,Xiaomi Tablet modelo 576 con características avanzadas
103,Smartphone,Realme,435.71,Realme Smartphone modelo 734 con características avanzadas
104,Smartphone,Xiaomi,1164.18,Xiaomi Smartphone modelo 643 con características avanzadas
105,Accesorio,Apple,619.01,Apple Accesorio modelo 400 con características avanzadas
106,Accesorio,Apple,329.71,Apple Accesorio modelo 258 con características avanzadas
107,Smartwatch,Sony,1405.94,Sony Smartwatch modelo 488 con características avanzadas
108,Tablet,Huawei,638.83,Huawei Tablet modelo 452 con características avanzadas
109,Smartwatch,Samsung,1283.77,Samsung Smartwatch modelo 978 con características avanzadas
110,Smartphone,Samsung,274.16,Samsung Smartphone modelo 315 con características avanzadas
111,Accesorio,Huawei,221.95,Huawei Accesorio modelo 890 con características avanzadas
112,Smartphone,Huawei,170.61,Huawei Smartphone modelo 104 con características avanzadas
113,Smartphone,Motorola,1273.54,Motorola Smartphone modelo 801 con características avanzadas
114,Smartphone,Realme,290.82,Realme Smartphone modelo 358 con características avanzadas
115,Tablet,Apple,542.61,Apple Tablet modelo 911 con características avanzadas
116,Smartwatch,Huawei,473.28,Huawei Smartwatch modelo 981 con características avanzadas
117,Smartwatch,Apple,1002.21,Apple Smartwatch modelo 772 con características avanzadas
118,Accesorio,OnePlus,975.97,OnePlus Accesorio modelo 656 con características avanzadas
119,Smartwatch,Apple,161.06,Apple Smartwatch modelo 780 con características avanzadas
120,Smartphone,Huawei,1494.42,Huawei Smartphone modelo 627 con características avanzadas
121,Smartwatch,Xiaomi,217.17,Xiaomi Smartwatch modelo 356 con características avanzadas
122,Smartwatch,Motorola,1319.59,Motorola Smartwatch modelo 339 con características avanzadas
123,Smartwatch,Realme,1094.45,Realme Smartwatch modelo 314 con características avanzadas
124,Smartphone,Sony,584.85,Sony Smartphone modelo 353 con características avanzadas
125,Tablet,Sony,487.54,Sony Tablet modelo 309 con características avanzadas
126,Accesorio,Motorola,805.99,Motorola Accesorio modelo 843 con características avanzadas
127,Smartwatch,Sony,525.5,Sony Smartwatch modelo 477 con características avanzadas
128,Tablet,OnePlus,128.54,OnePlus Tablet modelo 317 con características avanzadas
129,Tablet,OnePlus,1225.82,OnePlus Tablet modelo 952 con características avanzadas
130,Smartphone,Samsung,1304.26,Samsung Smartphone modelo 669 con características avanzadas
131,Tablet,Motorola,252.97,Motorola Tablet modelo 132 con características avanzadas
132,Smartwatch,Apple,192.94,Apple Smartwatch modelo 124 con características avanzadas
133,Smartphone,Samsung,670.4,Samsung Smartphone modelo 540 con características avanzadas
134,Smartwatch,Huawei,113.93,Huawei Smartwatch modelo 774 con características avanzadas
135,Accesorio,Motorola,410.22,Motorola Accesorio modelo 481 con características avanzadas
136,Smartphone,Apple,664.11,Apple Smartphone modelo 925 con características avanzadas
137,Tablet,Apple,796.57,Apple Tablet modelo 999 con características avanzadas
138,Smartwatch,Motorola,1216.09,Motorola Smartwatch modelo 919 con características avanzadas
139,Smartwatch,Motorola,432.95,Motorola Smartwatch modelo 742 con características avanzadas
140,Tablet,Xiaomi,985.43,Xiaomi Tablet modelo 391 con características avanzadas
141,Smartwatch,Xiaomi,284.68,Xiaomi Smartwatch modelo 947 con características avanzadas
142,Smartwatch,Sony,442.58,Sony Smartwatch modelo 790 con características avanzadas
143,Tablet,Realme,148.73,Realme Tablet modelo 559 con características avanzadas
144,Smartwatch,Huawei,473.39,Huawei Smartwatch modelo 204 con características avanzadas
145,Smartphone,Samsung,1037.2,Samsung Smartphone modelo 123 con características avanzadas
146,Smartwatch,Apple,480.06,Apple Smartwatch modelo 222 con características avanzadas
147,Accesorio,Sony,846.04,Sony Accesorio modelo 710 con características avanzadas
148,Tablet,Xiaomi,385.84,Xiaomi Tablet modelo 584 con características avanzadas
149,Accesorio,OnePlus,410.26,OnePlus Accesorio modelo 312 con características avanzadas
150,Accesorio,Sony,1002.47,Sony Accesorio modelo 497 con características avanzadas
151,Accesorio,Sony,698.53,Sony Accesorio modelo 324 con características avanzadas
152,Smartwatch,Huawei,1033.26,Huawei Smartwatch modelo 996 con características avanzadas
153,Smartphone,Sony,1096.48,Sony Smartphone modelo 375 con características avanzadas
154,Smartphone,Samsung,1299.32,Samsung Smartphone modelo 169 con características avanzadas
155,Accesorio,Sony,1394.83,Sony Accesorio modelo 988 con características avanzadas
156,Smartphone,Sony,653.17,Sony Smartphone modelo 217 con características avanzadas
157,Accesorio,Xiaomi,1193.99,Xiaomi Accesorio modelo 189 con características avanzadas
158,Accesorio,OnePlus,1450.32,OnePlus Accesorio modelo 637 con características avanzadas
159,Smartwatch,Samsung,619.46,Samsung Smartwatch modelo 415 con características avanzadas
160,Smartwatch,OnePlus,1293.01,OnePlus Smartwatch modelo 339 con características avanzadas
161,Smartphone,Huawei,309.84,Huawei Smartphone modelo 345 con características avanzadas
162,Accesorio,Realme,686.07,Realme Accesorio modelo 179 con características avanzadas
163,Smartwatch,Huawei,742.15,Huawei Smartwatch modelo 742 con características avanzadas
164,Smartphone,Huawei,1179.15,Huawei Smartphone modelo 789 con características avanzadas
165,Smartwatch,Realme,1257.97,Realme Smartwatch modelo 916 con características avanzadas
166,Smartphone,Apple,802.7,Apple Smartphone modelo 225 con características avanzadas
167,Smartphone,OnePlus,465.74,OnePlus Smartphone modelo 497 con características avanzadas
168,Tablet,Apple,1310.99,Apple Tablet modelo 635 con características avanzadas
169,Tablet,Apple,434.21,Apple Tablet modelo 538 con características avanzadas
170,Accesorio,Motorola,716.37,Motorola Accesorio modelo 843 con características avanzadas
171,Smartwatch,Apple,1110.03,Apple Smartwatch modelo 342 con características avanzadas
172,Smartwatch,Xiaomi,115.26,Xiaomi Smartwatch modelo 835 con características avanzadas
173,Accesorio,Samsung,515.65,Samsung Accesorio modelo 212 con características avanzadas
174,Tablet,Sony,818.39,Sony Tablet modelo 462 con características avanzadas
175,Smartphone,Samsung,1457.42,Samsung Smartphone modelo 784 con características avanzadas
176,Accesorio,Huawei,378.37,Huawei Accesorio modelo 637 con características avanzadas
177,Tablet,Sony,601.22,Sony Tablet modelo 658 con características avanzadas
178,Tablet,Sony,1458.94,Sony Tablet modelo 637 con características avanzadas
179,Smartphone,Huawei,253.68,Huawei Smartphone modelo 168 con características avanzadas
180,Accesorio,Huawei,1149.79,Huawei Accesorio modelo 106 con características avanzadas
181,Tablet,Samsung,1461.54,Samsung Tablet modelo 715 con características avanzadas
182,Smartphone,Xiaomi,201.36,Xiaomi Smartphone modelo 787 con características avanzadas
183,Smartphone,Samsung,1062.96,Samsung Smartphone modelo 391 con características avanzadas
184,Tablet,Xiaomi,229.45,Xiaomi Tablet modelo 511 con características avanzadas
185,Smartwatch,OnePlus,1328.0,OnePlus Smartwatch modelo 527 con características avanzadas
186,Smartwatch,Huawei,214.57,Huawei Smartwatch modelo 762 con características avanzadas
187,Tablet,Apple,983.36,Apple Tablet modelo 317 con características avanzadas
188,Accesorio,OnePlus,637.3,OnePlus Accesorio modelo 638 con características avanzadas
189,Tablet,Samsung,1182.47,Samsung Tablet modelo 399 con características avanzadas
190,Accesorio,Sony,415.0,Sony Accesorio modelo 299 con características avanzadas
191,Smartwatch,Motorola,813.02,Motorola Smartwatch modelo 443 con características avanzadas
192,Accesorio,OnePlus,1357.46,OnePlus Accesorio modelo 194 con características avanzadas
193,Smartphone,Apple,1294.17,Apple Smartphone modelo 236 con características avanzadas
194,Tablet,OnePlus,571.52,OnePlus Tablet modelo 991 con características avanzadas
195,Smartwatch,Apple,1047.53,Apple Smartwatch modelo 146 con características avanzadas
196,Tablet,Huawei,1100.72,Huawei Tablet modelo 597 con características avanzadas
197,Tablet,Samsung,936.14,Samsung Tablet modelo 494 con características avanzadas
198,Smartphone,OnePlus,1388.52,OnePlus Smartphone modelo 961 con características avanzadas
199,Tablet,Realme,570.03,Realme Tablet modelo 904 con características avanzadas
200,Smartphone,Apple,559.18,Apple Smartphone modelo 525 con características avanzadas
201,Tablet,Huawei,186.2,Huawei Tablet modelo 839 con características avanzadas
202,Smartwatch,Sony,1197.03,Sony Smartwatch modelo 989 con características avanzadas
203,Smartwatch,Samsung,1032.97,Samsung Smartwatch modelo 406 con características avanzadas
204,Smartwatch,Huawei,645.75,Huawei Smartwatch modelo 349 con características avanzadas
205,Tablet,Huawei,1005.83,Huawei Tablet modelo 505 con características avanzadas
206,Smartphone,Sony,1033.91,Sony Smartphone modelo 970 con características avanzadas
207,Smartphone,Realme,349.74,Realme Smartphone modelo 265 con características avanzadas
208,Smartwatch,Apple,947.71,Apple Smartwatch modelo 683 con características avanzadas
209,Smartwatch,Xiaomi,651.22,Xiaomi Smartwatch modelo 282 con características avanzadas
210,Tablet,Sony,515.64,Sony Tablet modelo 528 con características avanzadas
211,Smartphone,Samsung,1218.66,Samsung Smartphone modelo 241 con características avanzadas
212,Accesorio,Samsung,836.59,Samsung Accesorio modelo 682 con características avanzadas
213,Smartphone,Samsung,1056.25,Samsung Smartphone modelo 179 con características avanzadas
214,Smartwatch,Huawei,512.02,Huawei Smartwatch modelo 191 con características avanzadas
215,Accesorio,Huawei,1440.0,Huawei Accesorio modelo 845 con características avanzadas
216,Smartphone,Realme,178.17,Realme Smartphone modelo 686 con características avanzadas
217,Accesorio,Motorola,346.93,Motorola Accesorio modelo 943 con características avanzadas
218,Tablet,Realme,705.25,Realme Tablet modelo 946 con características avanzadas
219,Tablet,Samsung,522.84,Samsung Tablet modelo 433 con características avanzadas
220,Accesorio,OnePlus,1083.25,OnePlus Accesorio modelo 761 con características avanzadas
221,Smartwatch,Apple,1282.58,Apple Smartwatch modelo 927 con características avanzadas
222,Tablet,OnePlus,1024.26,OnePlus Tablet modelo 875 con características avanzadas
223,Smartphone,Sony,747.65,Sony Smartphone modelo 570 con características avanzadas
224,Smartphone,Sony,1433.86,Sony Smartphone modelo 130 con características avanzadas
225,Smartphone,Realme,1277.22,Realme Smartphone modelo 927 con características avanzadas
226,Accesorio,Realme,816.15,Realme Accesorio modelo 812 con características avanzadas
227,Smartwatch,Apple,920.54,Apple Smartwatch modelo 618 con características avanzadas
228,Smartwatch,OnePlus,1422.98,OnePlus Smartwatch modelo 786 con características avanzadas
229,Accesorio,Xiaomi,1187.65,Xiaomi Accesorio modelo 576 con características avanzadas
230,Tablet,Realme,1411.97,Realme Tablet modelo 378 con características avanzadas
231,Smartwatch,OnePlus,1261.42,OnePlus Smartwatch modelo 391 con características avanzadas
232,Smartwatch,Samsung,1118.27,Samsung Smartwatch modelo 540 con características avanzadas
233,Tablet,Motorola,1172.13,Motorola Tablet modelo 932 con características avanzadas
234,Accesorio,Apple,106.05,Apple Accesorio modelo 815 con características avanzadas
235,Smartwatch,OnePlus,1164.31,OnePlus Smartwatch modelo 568 con características avanzadas
236,Smartwatch,Realme,700.38,Realme Smartwatch modelo 531 con características avanzadas
237,Tablet,Samsung,381.77,Samsung Tablet modelo 873 con características avanzadas
238,Accesorio,Samsung,304.46,Samsung Accesorio modelo 485 con características avanzadas
239,Smartphone,Realme,545.53,Realme Smartphone modelo 295 con características avanzadas
240,Accesorio,Samsung,1456.28,Samsung Accesorio modelo 824 con características avanzadas
241,Tablet,OnePlus,147.61,OnePlus Tablet modelo 805 con características avanzadas
242,Accesorio,Motorola,1313.12,Motorola Accesorio modelo 913 con características avanzadas
243,Tablet,Realme,329.75,Realme Tablet modelo 574 con características avanzadas
244,Accesorio,Huawei,448.31,Huawei Accesorio modelo 763 con características avanzadas
245,Accesorio,Realme,777.84,Realme Accesorio modelo 770 con características avanzadas
246,Smartwatch,Samsung,371.81,Samsung Smartwatch modelo 538 con características avanzadas
247,Smartwatch,Motorola,1180.56,Motorola Smartwatch modelo 795 con características avanzadas
248,Smartphone,Realme,1020.1,Realme Smartphone modelo 892 con características avanzadas
249,Smartphone,Sony,1098.72,Sony Smartphone modelo 964 con características avanzadas
250,Accesorio,Realme,136.64,Realme Accesorio modelo 455 con características avanzadas
251,Accesorio,OnePlus,1495.32,OnePlus Accesorio modelo 641 con características avanzadas
252,Accesorio,Sony,225.17,Sony Accesorio modelo 555 con características avanzadas
253,Accesorio,Sony,976.94,Sony Accesorio modelo 260 con características avanzadas
254,Smartwatch,Realme,885.24,Realme Smartwatch modelo 964 con características avanzadas
255,Smartwatch,OnePlus,1432.13,OnePlus Smartwatch modelo 280 con características avanzadas
256,Smartwatch,Sony,908.28,Sony Smartwatch modelo 370 con características avanzadas
257,Tablet,Xiaomi,1493.65,Xiaomi Tablet modelo 596 con características avanzadas
258,Smartphone,OnePlus,314.47,OnePlus Smartphone modelo 680 con características avanzadas
259,Accesorio,Motorola,433.75,Motorola Accesorio modelo 529 con características avanzadas
260,Accesorio,Realme,680.17,Realme Accesorio modelo 378 con características avanzadas
261,Tablet,Samsung,855.53,Samsung Tablet modelo 923 con características avanzadas
262,Tablet,Realme,1335.21,Realme Tablet modelo 550 con características avanzadas
263,Smartphone,OnePlus,989.16,OnePlus Smartphone modelo 338 con características avanzadas
264,Smartphone,Apple,498.0,Apple Smartphone modelo 618 con características avanzadas
265,Accesorio,Sony,275.63,Sony Accesorio modelo 217 con características avanzadas
266,Smartwatch,Realme,1340.19,Realme Smartwatch modelo 673 con características avanzadas
267,Smartwatch,Sony,809.8,Sony Smartwatch modelo 952 con características avanzadas
268,Smartphone,Xiaomi,564.96,Xiaomi Smartphone modelo 914 con características avanzadas
269,Tablet,OnePlus,780.26,OnePlus Tablet modelo 292 con características avanzadas
270,Smartphone,Huawei,460.5,Huawei Smartphone modelo 989 con características avanzadas
271,Tablet,Sony,1465.47,Sony Tablet modelo 640 con características avanzadas
272,Accesorio,Motorola,728.92,Motorola Accesorio modelo 888 con características avanzadas
273,Tablet,Sony,521.19,Sony Tablet modelo 465 con características avanzadas
274,Smartwatch,Sony,1437.65,Sony Smartwatch modelo 825 con características avanzadas
275,Tablet,Huawei,620.86,Huawei Tablet modelo 708 con características avanzadas
276,Tablet,Apple,139.93,Apple Tablet modelo 132 con características avanzadas
277,Smartwatch,Samsung,420.95,Samsung Smartwatch modelo 150 con características avanzadas
278,Accesorio,Realme,324.02,Realme Accesorio modelo 713 con características avanzadas
279,Tablet,Xiaomi,490.01,Xiaomi Tablet modelo 684 con características avanzadas
280,Tablet,OnePlus,1374.22,OnePlus Tablet modelo 243 con características avanzadas
281,Accesorio,Realme,346.8,Realme Accesorio modelo 231 con características avanzadas
282,Accesorio,Motorola,158.9,Motorola Accesorio modelo 500 con características avanzadas
283,Tablet,Xiaomi,666.39,Xiaomi Tablet modelo 774 con características avanzadas
284,Tablet,Huawei,359.31,Huawei Tablet modelo 598 con características avanzadas
285,Accesorio,Xiaomi,1382.12,Xiaomi Accesorio modelo 423 con características avanzadas
286,Smartphone,Motorola,181.48,Motorola Smartphone modelo 182 con características avanzadas
287,Tablet,OnePlus,516.72,OnePlus Tablet modelo 666 con características avanzadas
288,Accesorio,Huawei,900.74,Huawei Accesorio modelo 853 con características avanzadas
289,Accesorio,Samsung,548.15,Samsung Accesorio modelo 553 con características avanzadas
290,Smartwatch,Apple,758.4,Apple Smartwatch modelo 618 con características avanzadas
291,Smartwatch,Motorola,578.13,Motorola Smartwatch modelo 230 con características avanzadas
292,Smartwatch,Apple,1105.7,Apple Smartwatch modelo 356 con características avanzadas
293,Accesorio,Samsung,321.08,Samsung Accesorio modelo 716 con características avanzadas
294,Smartwatch,Samsung,948.04,Samsung Smartwatch modelo 197 con características avanzadas
295,Accesorio,Xiaomi,135.23,Xiaomi Accesorio modelo 315 con características avanzadas
296,Smartwatch,Xiaomi,1480.69,Xiaomi Smartwatch modelo 887 con características avanzadas
297,Smartphone,Apple,1016.79,Apple Smartphone modelo 717 con características avanzadas
298,Smartphone,Apple,148.5,Apple Smartphone modelo 469 con características avanzadas
299,Accesorio,Xiaomi,1471.53,Xiaomi Accesorio modelo 807 con características avanzadas
300,Accesorio,Huawei,1004.06,Huawei Accesorio modelo 435 con características avanzadas
301,Tablet,Apple,423.21,Apple Tablet modelo 925 con características avanzadas
302,Accesorio,Realme,210.73,Realme Accesorio modelo 931 con características avanzadas
303,Tablet,Xiaomi,982.03,Xiaomi Tablet modelo 692 con características avanzadas
304,Accesorio,Xiaomi,396.96,Xiaomi Accesorio modelo 862 con características avanzadas
305,Smartwatch,Huawei,697.86,Huawei Smartwatch modelo 241 con características avanzadas
306,Accesorio,Realme,540.79,Realme Accesorio modelo 625 con características avanzadas
307,Smartwatch,Samsung,849.52,Samsung Smartwatch modelo 709 con características avanzadas
308,Smartwatch,Sony,550.86,Sony Smartwatch modelo 477 con características avanzadas
309,Accesorio,Sony,104.35,Sony Accesorio modelo 397 con características avanzadas
310,Tablet,Sony,1262.63,Sony Tablet modelo 587 con características avanzadas
311,Smartwatch,Xiaomi,1118.56,Xiaomi Smartwatch modelo 655 con características avanzadas
312,Smartwatch,Xiaomi,748.74,Xiaomi Smartwatch modelo 735 con características avanzadas
313,Smartphone,Xiaomi,1270.1,Xiaomi Smartphone modelo 969 con características avanzadas
314,Smartwatch,Motorola,479.18,Motorola Smartwatch modelo 187 con características avanzadas
315,Accesorio,OnePlus,1075.7,OnePlus Accesorio modelo 543 con características avanzadas
316,Smartphone,Realme,644.41,Realme Smartphone modelo 489 con características avanzadas
317,Tablet,Huawei,570.85,Huawei Tablet modelo 343 con características avanzadas
318,Smartwatch,Apple,942.76,Apple Smartwatch modelo 920 con características avanzadas
319,Tablet,Motorola,946.19,Motorola Tablet modelo 134 con características avanzadas
320,Tablet,Apple,621.6,Apple Tablet modelo 746 con características avanzadas
321,Smartwatch,Xiaomi,622.0,Xiaomi Smartwatch modelo 280 con características avanzadas
322,Smartwatch,Sony,490.24,Sony Smartwatch modelo 720 con características avanzadas
323,Smartwatch,Huawei,1070.35,Huawei Smartwatch modelo 820 con características avanzadas
324,Smartphone,Huawei,955.37,Huawei Smartphone modelo 276 con características avanzadas
325,Smartwatch,Apple,955.61,Apple Smartwatch modelo 372 con características avanzadas
326,Smartwatch,Samsung,1188.99,Samsung Smartwatch modelo 754 con características avanzadas
327,Smartphone,Xiaomi,1402.02,Xiaomi Smartphone modelo 131 con características avanzadas
328,Smartphone,OnePlus,489.18,OnePlus Smartphone modelo 179 con características avanzadas
329,Accesorio,Motorola,481.04,Motorola Accesorio modelo 841 con características avanzadas
330,Smartphone,OnePlus,540.35,OnePlus Smartphone modelo 721 con características avanzadas
331,Accesorio,OnePlus,431.79,OnePlus Accesorio modelo 310 con características avanzadas
332,Smartphone,Xiaomi,747.36,Xiaomi Smartphone modelo 280 con características avanzadas
333,Accesorio,Huawei,451.68,Huawei Accesorio modelo 299 con características avanzadas
334,Smartwatch,Huawei,1096.68,Huawei Smartwatch modelo 421 con características avanzadas
335,Smartwatch,OnePlus,1140.68,OnePlus Smartwatch modelo 197 con características avanzadas
336,Tablet,Sony,972.88,Sony Tablet modelo 307 con características avanzadas
337,Smartwatch,Motorola,427.92,Motorola Smartwatch modelo 640 con características avanzadas
338,Accesorio,Samsung,367.73,Samsung Accesorio modelo 379 con características avanzadas
339,Tablet,Sony,645.83,Sony Tablet modelo 369 con características avanzadas
340,Accesorio,Huawei,531.84,Huawei Accesorio modelo 635 con características avanzadas
341,Smartphone,Xiaomi,544.78,Xiaomi Smartphone modelo 358 con características avanzadas
342,Accesorio,Huawei,1311.0,Huawei Accesorio modelo 158 con características avanzadas
343,Smartphone,Sony,1158.77,Sony Smartphone modelo 204 con características avanzadas
344,Tablet,OnePlus,948.19,OnePlus Tablet modelo 287 con características avanzadas
345,Accesorio,Realme,487.49,Realme Accesorio modelo 786 con características avanzadas
346,Smartwatch,Motorola,289.96,Motorola Smartwatch modelo 374 con características avanzadas
347,Tablet,Realme,773.4,Realme Tablet modelo 213 con características avanzadas
348,Smartphone,Realme,808.66,Realme Smartphone modelo 451 con características avanzadas
349,Smartphone,Xiaomi,1363.14,Xiaomi Smartphone modelo 421 con características avanzadas
350,Smartwatch,Huawei,396.84,Huawei Smartwatch modelo 763 con características avanzadas
351,Tablet,Xiaomi,329.51,Xiaomi Tablet modelo 496 con características avanzadas
352,Smartwatch,Apple,1003.23,Apple Smartwatch modelo 684 con características avanzadas
353,Smartwatch,Xiaomi,1262.83,Xiaomi Smartwatch modelo 874 con características avanzadas
354,Accesorio,Motorola,672.22,Motorola Accesorio modelo 305 con características avanzadas
355,Tablet,Samsung,798.71,Samsung Tablet modelo 746 con características avanzadas
356,Tablet,Huawei,1447.7,Huawei Tablet modelo 673 con características avanzadas
357,Smartphone,OnePlus,193.71,OnePlus Smartphone modelo 782 con características avanzadas
358,Smartwatch,Realme,245.64,Realme Smartwatch modelo 356 con características avanzadas
359,Smartwatch,Samsung,367.17,Samsung Smartwatch modelo 586 con características avanzadas
360,Smartphone,Xiaomi,1248.43,Xiaomi Smartphone modelo 941 con características avanzadas
361,Smartwatch,Xiaomi,405.29,Xiaomi Smartwatch modelo 817 con características avanzadas
362,Accesorio,Realme,699.09,Realme Accesorio modelo 806 con características avanzadas
363,Smartphone,Apple,812.7,Apple Smartphone modelo 506 con características avanzadas
364,Smartwatch,Huawei,1040.98,Huawei Smartwatch modelo 660 con características avanzadas
365,Accesorio,Huawei,839.23,Huawei Accesorio modelo 583 con características avanzadas
366,Smartwatch,Huawei,434.49,Huawei Smartwatch modelo 653 con características avanzadas
367,Accesorio,OnePlus,372.9,OnePlus Accesorio modelo 278 con características avanzadas
368,Accesorio,Sony,962.42,Sony Accesorio modelo 668 con características avanzadas
369,Smartwatch,Realme,159.69,Realme Smartwatch modelo 638 con características avanzadas
370,Smartphone,Apple,1069.33,Apple Smartphone modelo 307 con características avanzadas
371,Smartphone,Xiaomi,996.65,Xiaomi Smartphone modelo 979 con características avanzadas
372,Accesorio,OnePlus,1244.6,OnePlus Accesorio modelo 801 con características avanzadas
373,Smartwatch,Huawei,307.45,Huawei Smartwatch modelo 311 con características avanzadas
374,Smartphone,Sony,164.57,Sony Smartphone modelo 764 con características avanzadas
375,Accesorio,Xiaomi,1256.29,Xiaomi Accesorio modelo 925 con características avanzadas
376,Tablet,Apple,255.06,Apple Tablet modelo 930 con características avanzadas
377,Accesorio,Sony,916.53,Sony Accesorio modelo 375 con características avanzadas
378,Smartphone,Apple,191.63,Apple Smartphone modelo 104 con características avanzadas
379,Tablet,Xiaomi,532.56,Xiaomi Tablet modelo 918 con características avanzadas
380,Accesorio,Realme,554.85,Realme Accesorio modelo 545 con características avanzadas
381,Smartwatch,Huawei,1495.27,Huawei Smartwatch modelo 953 con características avanzadas
382,Smartphone,Apple,1403.49,Apple Smartphone modelo 423 con características avanzadas
383,Accesorio,Samsung,1399.44,Samsung Accesorio modelo 257 con características avanzadas
384,Smartphone,Xiaomi,346.9,Xiaomi Smartphone modelo 478 con características avanzadas
385,Smartphone,Samsung,994.39,Samsung Smartphone modelo 114 con características avanzadas
386,Smartphone,Huawei,1144.63,Huawei Smartphone modelo 258 con características avanzadas
387,Accesorio,Xiaomi,1046.92,Xiaomi Accesorio modelo 368 con características avanzadas
388,Tablet,Realme,1396.31,Realme Tablet modelo 945 con características avanzadas
389,Smartwatch,Sony,584.63,Sony Smartwatch modelo 505 con características avanzadas
390,Smartwatch,Sony,1129.78,Sony Smartwatch modelo 138 con características avanzadas
391,Tablet,Motorola,1163.47,Motorola Tablet modelo 513 con características avanzadas
392,Tablet,Huawei,696.02,Huawei Tablet modelo 104 con características avanzadas
393,Tablet,Samsung,263.02,Samsung Tablet modelo 728 con características avanzadas
394,Smartwatch,Sony,999.73,Sony Smartwatch modelo 940 con características avanzadas
395,Tablet,OnePlus,1285.44,OnePlus Tablet modelo 131 con características avanzadas
396,Smartwatch,Apple,354.46,Apple Smartwatch modelo 465 con características avanzadas
397,Smartwatch,Samsung,655.45,Samsung Smartwatch modelo 218 con características avanzadas
398,Accesorio,OnePlus,702.99,OnePlus Accesorio modelo 764 con características avanzadas
399,Tablet,OnePlus,1384.94,OnePlus Tablet modelo 412 con características avanzadas
400,Tablet,Xiaomi,1298.85,Xiaomi Tablet modelo 947 con características avanzadas
401,Tablet,Sony,542.75,Sony Tablet modelo 132 con características avanzadas
402,Tablet,Realme,148.03,Realme Tablet modelo 748 con características avanzadas
403,Accesorio,Samsung,579.53,Samsung Accesorio modelo 362 con características avanzadas
404,Smartwatch,Motorola,746.08,Motorola Smartwatch modelo 192 con características avanzadas
405,Accesorio,Samsung,792.85,Samsung Accesorio modelo 306 con características avanzadas
406,Smartphone,Huawei,346.09,Huawei Smartphone modelo 551 con características avanzadas
407,Smartwatch,Xiaomi,1237.6,Xiaomi Smartwatch modelo 439 con características avanzadas
408,Tablet,Motorola,353.03,Motorola Tablet modelo 920 con características avanzadas
409,Accesorio,Sony,1144.19,Sony Accesorio modelo 781 con características avanzadas
410,Smartwatch,Huawei,727.68,Huawei Smartwatch modelo 606 con características avanzadas
411,Smartphone,Samsung,290.85,Samsung Smartphone modelo 958 con características avanzadas
412,Smartphone,Motorola,1455.64,Motorola Smartphone modelo 979 con características avanzadas
413,Smartphone,Xiaomi,1369.29,Xiaomi Smartphone modelo 542 con características avanzadas
414,Smartphone,Huawei,849.4,Huawei Smartphone modelo 914 con características avanzadas
415,Tablet,Apple,551.7,Apple Tablet modelo 471 con características avanzadas
416,Accesorio,Motorola,583.26,Motorola Accesorio modelo 402 con características avanzadas
417,Smartphone,Sony,1421.41,Sony Smartphone modelo 957 con características avanzadas
418,Accesorio,Huawei,716.55,Huawei Accesorio modelo 791 con características avanzadas
419,Tablet,Realme,1312.72,Realme Tablet modelo 837 con características avanzadas
420,Tablet,Apple,669.22,Apple Tablet modelo 829 con características avanzadas
421,Smartwatch,Samsung,946.43,Samsung Smartwatch modelo 234 con características avanzadas
422,Smartphone,Sony,170.71,Sony Smartphone modelo 874 con características avanzadas
423,Tablet,OnePlus,1235.11,OnePlus Tablet modelo 799 con características avanzadas
424,Smartwatch,Realme,981.93,Realme Smartwatch modelo 882 con características avanzadas
425,Smartwatch,Sony,1119.41,Sony Smartwatch modelo 296 con características avanzadas
426,Smartwatch,Realme,918.29,Realme Smartwatch modelo 941 con características avanzadas
427,Accesorio,Apple,1292.76,Apple Accesorio modelo 161 con características avanzadas
428,Tablet,Huawei,583.84,Huawei Tablet modelo 196 con características avanzadas
429,Smartphone,Realme,944.89,Realme Smartphone modelo 508 con características avanzadas
430,Smartwatch,Samsung,299.06,Samsung Smartwatch modelo 867 con características avanzadas
431,Tablet,Motorola,1225.04,Motorola Tablet modelo 382 con características avanzadas
432,Smartphone,Sony,615.77,Sony Smartphone modelo 220 con características avanzadas
433,Accesorio,Apple,992.23,Apple Accesorio modelo 777 con características avanzadas
434,Smartphone,Apple,1204.87,Apple Smartphone modelo 338 con características avanzadas
435,Tablet,Motorola,444.99,Motorola Tablet modelo 404 con características avanzadas
436,Accesorio,Sony,256.71,Sony Accesorio modelo 155 con características avanzadas
437,Smartwatch,OnePlus,199.02,OnePlus Smartwatch modelo 184 con características avanzadas
438,Smartwatch,Huawei,919.38,Huawei Smartwatch modelo 309 con características avanzadas
439,Tablet,Xiaomi,1056.89,Xiaomi Tablet modelo 508 con características avanzadas
440,Smartphone,Motorola,1306.18,Motorola Smartphone modelo 278 con características avanzadas
441,Accesorio,Xiaomi,751.7,Xiaomi Accesorio modelo 426 con características avanzadas
442,Tablet,Realme,1161.62,Realme Tablet modelo 143 con características avanzadas
443,Tablet,Huawei,800.79,Huawei Tablet modelo 961 con características avanzadas
444,Accesorio,Realme,536.88,Realme Accesorio modelo 354 con características avanzadas
445,Smartwatch,Huawei,444.62,Huawei Smartwatch modelo 930 con características avanzadas
446,Accesorio,Sony,890.18,Sony Accesorio modelo 793 con características avanzadas
447,Smartwatch,Motorola,518.85,Motorola Smartwatch modelo 595 con características avanzadas
448,Tablet,Xiaomi,1085.85,Xiaomi Tablet modelo 889 con características avanzadas
449,Accesorio,Sony,1107.63,Sony Accesorio modelo 378 con características avanzadas
450,Tablet,Sony,1214.98,Sony Tablet modelo 809 con características avanzadas
451,Accesorio,Huawei,592.12,Huawei Accesorio modelo 737 con características avanzadas
452,Accesorio,Apple,301.43,Apple Accesorio modelo 755 con características avanzadas
453,Tablet,OnePlus,1007.97,OnePlus Tablet modelo 780 con características avanzadas
454,Smartwatch,Huawei,1345.26,Huawei Smartwatch modelo 389 con características avanzadas
455,Tablet,Apple,649.95,Apple Tablet modelo 959 con características avanzadas
456,Tablet,Realme,883.02,Realme Tablet modelo 112 con características avanzadas
457,Tablet,Huawei,828.91,Huawei Tablet modelo 654 con características avanzadas
458,Smartwatch,Apple,320.74,Apple Smartwatch modelo 527 con características avanzadas
459,Accesorio,OnePlus,557.99,OnePlus Accesorio modelo 531 con características avanzadas
460,Smartwatch,Motorola,1224.08,Motorola Smartwatch modelo 625 con características avanzadas
461,Accesorio,Xiaomi,116.96,Xiaomi Accesorio modelo 911 con características avanzadas
462,Smartphone,Sony,293.15,Sony Smartphone modelo 938 con características avanzadas
463,Smartphone,Realme,202.61,Realme Smartphone modelo 946 con características avanzadas
464,Accesorio,Realme,1348.32,Realme Accesorio modelo 470 con características avanzadas
465,Tablet,Sony,499.11,Sony Tablet modelo 845 con características avanzadas
466,Smartphone,Motorola,1428.2,Motorola Smartphone modelo 879 con características avanzadas
467,Smartwatch,Samsung,835.55,Samsung Smartwatch modelo 864 con características avanzadas
468,Tablet,Huawei,657.9,Huawei Tablet modelo 491 con características avanzadas
469,Accesorio,Realme,499.77,Realme Accesorio modelo 876 con características avanzadas
470,Accesorio,Sony,155.48,Sony Accesorio modelo 159 con características avanzadas
471,Smartphone,Xiaomi,1181.71,Xiaomi Smartphone modelo 365 con características avanzadas
472,Smartwatch,Huawei,393.61,Huawei Smartwatch modelo 389 con características avanzadas
473,Tablet,Huawei,441.24,Huawei Tablet modelo 306 con características avanzadas
474,Accesorio,OnePlus,383.29,OnePlus Accesorio modelo 135 con características avanzadas
475,Tablet,Samsung,1403.1,Samsung Tablet modelo 937 con características avanzadas
476,Smartphone,OnePlus,1428.2,OnePlus Smartphone modelo 802 con características avanzadas
477,Accesorio,Realme,1022.74,Realme Accesorio modelo 163 con características avanzadas
478,Smartwatch,Samsung,384.17,Samsung Smartwatch modelo 108 con características avanzadas
479,Accesorio,Samsung,1079.56,Samsung Accesorio modelo 300 con características avanzadas
480,Tablet,Xiaomi,1059.65,Xiaomi Tablet modelo 607 con características avanzadas
481,Tablet,OnePlus,1470.78,OnePlus Tablet modelo 330 con características avanzadas
482,Smartphone,Huawei,673.35,Huawei Smartphone modelo 793 con características avanzadas
483,Smartphone,Sony,985.84,Sony Smartphone modelo 140 con características avanzadas
484,Smartwatch,Sony,152.25,Sony Smartwatch modelo 414 con características avanzadas
485,Tablet,Motorola,1356.41,Motorola Tablet modelo 981 con características avanzadas
486,Accesorio,Realme,635.36,Realme Accesorio modelo 993 con características avanzadas
487,Smartphone,Motorola,357.6,Motorola Smartphone modelo 842 con características avanzadas
488,Tablet,Samsung,332.11,Samsung Tablet modelo 216 con características avanzadas
489,Smartwatch,Apple,1052.64,Apple Smartwatch modelo 594 con características avanzadas
490,Accesorio,Xiaomi,986.43,Xiaomi Accesorio modelo 833 con características avanzadas
491,Smartwatch,Motorola,1481.45,Motorola Smartwatch modelo 604 con características avanzadas
492,Tablet,Xiaomi,1360.98,Xiaomi Tablet modelo 300 con características avanzadas
493,Accesorio,Apple,759.88,Apple Accesorio modelo 747 con características avanzadas
494,Tablet,Sony,1215.1,Sony Tablet modelo 843 con características avanzadas
495,Accesorio,Huawei,937.11,Huawei Accesorio modelo 919 con características avanzadas
496,Smartwatch,Sony,1161.72,Sony Smartwatch modelo 967 con características avanzadas
497,Smartphone,Sony,109.27,Sony Smartphone modelo 823 con características avanzadas
498,Tablet,Motorola,340.58,Motorola Tablet modelo 625 con características avanzadas
499,Smartwatch,Sony,764.58,Sony Smartwatch modelo 425 con características avanzadas
500,Tablet,Huawei,1178.45,Huawei Tablet modelo 730 con características avanzadas
501,Smartwatch,Xiaomi,1232.13,Xiaomi Smartwatch modelo 766 con características avanzadas
502,Tablet,Samsung,603.59,Samsung Tablet modelo 143 con características avanzadas
503,Smartphone,Xiaomi,273.61,Xiaomi Smartphone modelo 224 con características avanzadas
504,Tablet,Motorola,670.51,Motorola Tablet modelo 865 con características avanzadas
505,Smartphone,Motorola,1334.57,Motorola Smartphone modelo 496 con características avanzadas
506,Accesorio,Motorola,764.11,Motorola Accesorio modelo 615 con características avanzadas
507,Smartphone,Sony,1024.3,Sony Smartphone modelo 616 con características avanzadas
508,Tablet,OnePlus,223.63,OnePlus Tablet modelo 234 con características avanzadas
509,Accesorio,Samsung,1401.29,Samsung Accesorio modelo 241 con características avanzadas
510,Smartphone,OnePlus,599.48,OnePlus Smartphone modelo 427 con características avanzadas
511,Smartwatch,Huawei,384.38,Huawei Smartwatch modelo 255 con características avanzadas
512,Accesorio,Huawei,454.4,Huawei Accesorio modelo 580 con características avanzadas
513,Smartphone,Realme,174.47,Realme Smartphone modelo 847 con características avanzadas
514,Accesorio,Xiaomi,807.62,Xiaomi Accesorio modelo 182 con características avanzadas
515,Tablet,OnePlus,928.1,OnePlus Tablet modelo 502 con características avanzadas
516,Tablet,Huawei,235.53,Huawei Tablet modelo 964 con características avanzadas
517,Tablet,Apple,222.5,Apple Tablet modelo 211 con características avanzadas
518,Smartphone,Sony,1150.97,Sony Smartphone modelo 724 con características avanzadas
519,Accesorio,Huawei,628.72,Huawei Accesorio modelo 275 con características avanzadas
520,Accesorio,Sony,479.53,Sony Accesorio modelo 829 con características avanzadas
521,Smartwatch,Xiaomi,959.02,Xiaomi Smartwatch modelo 657 con características avanzadas
522,Accesorio,Apple,679.02,Apple Accesorio modelo 936 con características avanzadas
523,Smartwatch,Realme,126.1,Realme Smartwatch modelo 535 con características avanzadas
524,Smartwatch,Sony,923.05,Sony Smartwatch modelo 259 con características avanzadas
525,Smartwatch,Sony,1485.12,Sony Smartwatch modelo 584 con características avanzadas
526,Accesorio,Sony,523.07,Sony Accesorio modelo 345 con características avanzadas
527,Smartphone,Motorola,1113.31,Motorola Smartphone modelo 348 con características avanzadas
528,Tablet,Huawei,1350.74,Huawei Tablet modelo 249 con características avanzadas
529,Smartphone,Realme,1413.07,Realme Smartphone modelo 791 con características avanzadas
530,Accesorio,Huawei,739.1,Huawei Accesorio modelo 899 con características avanzadas
531,Accesorio,Motorola,969.04,Motorola Accesorio modelo 833 con características avanzadas
532,Smartwatch,Motorola,210.32,Motorola Smartwatch modelo 859 con características avanzadas
533,Smartphone,Apple,1378.33,Apple Smartphone modelo 476 con características avanzadas
534,Accesorio,OnePlus,431.12,OnePlus Accesorio modelo 308 con características avanzadas
535,Tablet,Sony,270.67,Sony Tablet modelo 353 con características avanzadas
536,Smartphone,OnePlus,1214.7,OnePlus Smartphone modelo 754 con características avanzadas
537,Tablet,Sony,613.42,Sony Tablet modelo 660 con características avanzadas
538,Smartphone,Samsung,1050.66,Samsung Smartphone modelo 319 con características avanzadas
539,Accesorio,OnePlus,1136.25,OnePlus Accesorio modelo 246 con características avanzadas
540,Smartphone,Apple,1460.34,Apple Smartphone modelo 793 con características avanzadas
541,Smartphone,Xiaomi,1433.01,Xiaomi Smartphone modelo 397 con características avanzadas
542,Smartwatch,Xiaomi,711.33,Xiaomi Smartwatch modelo 122 con características avanzadas
543,Tablet,Motorola,467.17,Motorola Tablet modelo 934 con características avanzadas
544,Accesorio,Samsung,828.6,Samsung Accesorio modelo 375 con características avanzadas
545,Tablet,Sony,1162.81,Sony Tablet modelo 405 con características avanzadas
546,Smartwatch,Apple,455.15,Apple Smartwatch modelo 628 con características avanzadas
547,Smartwatch,Huawei,117.84,Huawei Smartwatch modelo 649 con características avanzadas
548,Tablet,Realme,864.59,Realme Tablet modelo 183 con características avanzadas
549,Tablet,Huawei,1286.86,Huawei Tablet modelo 360 con características avanzadas
550,Accesorio,Samsung,667.69,Samsung Accesorio modelo 895 con características avanzadas
551,Tablet,Realme,1428.38,Realme Tablet modelo 496 con características avanzadas
552,Accesorio,Samsung,1005.75,Samsung Accesorio modelo 236 con características avanzadas
553,Tablet,Sony,1099.53,Sony Tablet modelo 767 con características avanzadas
554,Smartphone,Motorola,1285.08,Motorola Smartphone modelo 197 con características avanzadas
555,Smartwatch,Sony,158.05,Sony Smartwatch modelo 435 con características avanzadas
556,Smartphone,Xiaomi,320.93,Xiaomi Smartphone modelo 267 con características avanzadas
557,Accesorio,OnePlus,1016.26,OnePlus Accesorio modelo 470 con características avanzadas
558,Accesorio,Sony,1049.33,Sony Accesorio modelo 751 con características avanzadas
559,Accesorio,Samsung,174.56,Samsung Accesorio modelo 270 con características avanzadas
560,Smartwatch,OnePlus,1490.61,OnePlus Smartwatch modelo 518 con características avanzadas
561,Smartwatch,Motorola,1280.17,Motorola Smartwatch modelo 780 con características avanzadas
562,Accesorio,Xiaomi,1108.98,Xiaomi Accesorio modelo 118 con características avanzadas
563,Smartwatch,Apple,359.84,Apple Smartwatch modelo 395 con características avanzadas
564,Smartwatch,Sony,1007.36,Sony Smartwatch modelo 713 con características avanzadas
565,Tablet,Sony,1076.51,Sony Tablet modelo 671 con características avanzadas
566,Smartphone,Apple,1159.68,Apple Smartphone modelo 512 con características avanzadas
567,Smartwatch,Xiaomi,537.15,Xiaomi Smartwatch modelo 964 con características avanzadas
568,Smartphone,Realme,596.87,Realme Smartphone modelo 822 con características avanzadas
569,Tablet,Motorola,555.32,Motorola Tablet modelo 511 con características avanzadas
570,Accesorio,Samsung,1134.83,Samsung Accesorio modelo 853 con características avanzadas
571,Smartphone,Motorola,570.46,Motorola Smartphone modelo 165 con características avanzadas
572,Accesorio,Motorola,326.66,Motorola Accesorio modelo 199 con características avanzadas
573,Smartphone,OnePlus,957.68,OnePlus Smartphone modelo 204 con características avanzadas
574,Tablet,Apple,440.98,Apple Tablet modelo 552 con características avanzadas
575,Smartphone,Motorola,1236.34,Motorola Smartphone modelo 278 con características avanzadas
576,Accesorio,Huawei,1390.4,Huawei Accesorio modelo 164 con características avanzadas
577,Smartphone,Motorola,760.42,Motorola Smartphone modelo 414 con características avanzadas
578,Accesorio,Huawei,1139.83,Huawei Accesorio modelo 813 con características avanzadas
579,Tablet,Sony,1441.46,Sony Tablet modelo 346 con características avanzadas
580,Smartphone,Huawei,895.21,Huawei Smartphone modelo 427 con características avanzadas
581,Smartwatch,Apple,296.89,Apple Smartwatch modelo 527 con características avanzadas
582,Tablet,Apple,1074.24,Apple Tablet modelo 460 con características avanzadas
583,Tablet,Sony,364.19,Sony Tablet modelo 212 con características avanzadas
584,Tablet,Huawei,913.35,Huawei Tablet modelo 468 con características avanzadas
585,Tablet,OnePlus,376.36,OnePlus Tablet modelo 541 con características avanzadas
586,Smartwatch,Samsung,783.42,Samsung Smartwatch modelo 733 con características avanzadas
587,Tablet,Apple,491.46,Apple Tablet modelo 693 con características avanzadas
588,Tablet,Motorola,1495.31,Motorola Tablet modelo 182 con características avanzadas
589,Tablet,Xiaomi,1067.98,Xiaomi Tablet modelo 182 con características avanzadas
590,Smartwatch,Xiaomi,218.07,Xiaomi Smartwatch modelo 724 con características avanzadas
591,Accesorio,OnePlus,468.46,OnePlus Accesorio modelo 388 con características avanzadas
592,Tablet,OnePlus,1479.26,OnePlus Tablet modelo 385 con características avanzadas
593,Tablet,Motorola,1105.95,Motorola Tablet modelo 870 con características avanzadas
594,Smartwatch,Sony,359.52,Sony Smartwatch modelo 900 con características avanzadas
595,Smartphone,Realme,312.42,Realme Smartphone modelo 704 con características avanzadas
596,Tablet,Motorola,573.5,Motorola Tablet modelo 372 con características avanzadas
597,Accesorio,Samsung,995.02,Samsung Accesorio modelo 306 con características avanzadas
598,Accesorio,Huawei,109.52,Huawei Accesorio modelo 498 con características avanzadas
599,Smartphone,OnePlus,247.15,OnePlus Smartphone modelo 426 con características avanzadas
600,Accesorio,Realme,362.19,Realme Accesorio modelo 297 con características avanzadas
601,Smartphone,Huawei,1235.61,Huawei Smartphone modelo 708 con características avanzadas
602,Smartwatch,Xiaomi,520.62,Xiaomi Smartwatch modelo 654 con características avanzadas
603,Smartwatch,Realme,1114.8,Realme Smartwatch modelo 815 con características avanzadas
604,Smartphone,Xiaomi,1355.24,Xiaomi Smartphone modelo 525 con características avanzadas
605,Accesorio,Huawei,1098.7,Huawei Accesorio modelo 104 con características avanzadas
606,Accesorio,OnePlus,1411.53,OnePlus Accesorio modelo 175 con características avanzadas
607,Smartwatch,Xiaomi,1175.4,Xiaomi Smartwatch modelo 544 con características avanzadas
608,Smartwatch,Huawei,880.68,Huawei Smartwatch modelo 777 con características avanzadas
609,Smartwatch,Xiaomi,235.87,Xiaomi Smartwatch modelo 553 con características avanzadas
610,Smartwatch,Motorola,1163.06,Motorola Smartwatch modelo 353 con características avanzadas
611,Smartwatch,Xiaomi,113.08,Xiaomi Smartwatch modelo 643 con características avanzadas
612,Accesorio,Realme,136.13,Realme Accesorio modelo 978 con características avanzadas
613,Smartwatch,Sony,1312.44,Sony Smartwatch modelo 564 con características avanzadas
614,Smartphone,OnePlus,849.34,OnePlus Smartphone modelo 889 con características avanzadas
615,Accesorio,OnePlus,582.07,OnePlus Accesorio modelo 713 con características avanzadas
616,Smartwatch,Motorola,844.84,Motorola Smartwatch modelo 448 con características avanzadas
617,Tablet,Apple,964.16,Apple Tablet modelo 217 con características avanzadas
618,Accesorio,Xiaomi,965.99,Xiaomi Accesorio modelo 354 con características avanzadas
619,Smartwatch,Huawei,903.61,Huawei Smartwatch modelo 361 con características avanzadas
620,Smartphone,Apple,339.03,Apple Smartphone modelo 524 con características avanzadas
621,Smartphone,Samsung,828.32,Samsung Smartphone modelo 615 con características avanzadas
622,Accesorio,Apple,354.04,Apple Accesorio modelo 149 con características avanzadas
623,Smartphone,Motorola,1210.88,Motorola Smartphone modelo 802 con características avanzadas
624,Smartwatch,OnePlus,1494.26,OnePlus Smartwatch modelo 545 con características avanzadas
625,Accesorio,Samsung,1165.25,Samsung Accesorio modelo 163 con características avanzadas
626,Smartphone,Apple,393.25,Apple Smartphone modelo 282 con características avanzadas
627,Smartwatch,Huawei,1313.54,Huawei Smartwatch modelo 853 con características avanzadas
628,Smartphone,OnePlus,822.27,OnePlus Smartphone modelo 516 con características avanzadas
629,Tablet,OnePlus,1110.77,OnePlus Tablet modelo 489 con características avanzadas
630,Smartwatch,Realme,1441.67,Realme Smartwatch modelo 320 con características avanzadas
631,Accesorio,Samsung,365.68,Samsung Accesorio modelo 505 con características avanzadas
632,Smartwatch,Samsung,473.31,Samsung Smartwatch modelo 676 con características avanzadas
633,Smartphone,Realme,596.71,Realme Smartphone modelo 843 con características avanzadas
634,Smartwatch,Motorola,774.43,Motorola Smartwatch modelo 974 con características avanzadas
635,Smartwatch,Samsung,161.7,Samsung Smartwatch modelo 937 con características avanzadas
636,Tablet,Xiaomi,537.47,Xiaomi Tablet modelo 531 con características avanzadas
637,Accesorio,Sony,524.08,Sony Accesorio modelo 718 con características avanzadas
638,Smartwatch,Apple,533.57,Apple Smartwatch modelo 929 con características avanzadas
639,Accesorio,Apple,1003.27,Apple Accesorio modelo 234 con características avanzadas
640,Tablet,Xiaomi,669.91,Xiaomi Tablet modelo 548 con características avanzadas
641,Tablet,Huawei,667.52,Huawei Tablet modelo 863 con características avanzadas
642,Smartphone,Realme,700.27,Realme Smartphone modelo 743 con características avanzadas
643,Smartwatch,Sony,185.9,Sony Smartwatch modelo 986 con características avanzadas
644,Accesorio,Motorola,185.5,Motorola Accesorio modelo 277 con características avanzadas
645,Smartwatch,Motorola,640.6,Motorola Smartwatch modelo 818 con características avanzadas
646,Tablet,Realme,1078.1,Realme Tablet modelo 858 con características avanzadas
647,Smartwatch,Huawei,1478.65,Huawei Smartwatch modelo 360 con características avanzadas
648,Smartphone,Apple,930.94,Apple Smartphone modelo 307 con características avanzadas
649,Smartwatch,Realme,1291.97,Realme Smartwatch modelo 232 con características avanzadas
650,Accesorio,Huawei,1364.77,Huawei Accesorio modelo 172 con características avanzadas
651,Smartphone,Huawei,817.92,Huawei Smartphone modelo 927 con características avanzadas
652,Smartphone,Huawei,941.45,Huawei Smartphone modelo 871 con características avanzadas
653,Smartphone,Samsung,1166.72,Samsung Smartphone modelo 618 con características avanzadas
654,Smartwatch,Samsung,1177.19,Samsung Smartwatch modelo 429 con características avanzadas
655,Smartwatch,Apple,315.63,Apple Smartwatch modelo 299 con características avanzadas
656,Accesorio,OnePlus,817.25,OnePlus Accesorio modelo 881 con características avanzadas
657,Tablet,Samsung,565.13,Samsung Tablet modelo 956 con características avanzadas
658,Accesorio,Realme,430.18,Realme Accesorio modelo 625 con características avanzadas
659,Accesorio,Motorola,659.37,Motorola Accesorio modelo 241 con características avanzadas
660,Smartphone,Samsung,1418.2,Samsung Smartphone modelo 958 con características avanzadas
661,Smartwatch,Sony,1330.35,Sony Smartwatch modelo 682 con características avanzadas
662,Smartphone,Samsung,489.49,Samsung Smartphone modelo 867 con características avanzadas
663,Smartwatch,Motorola,1258.65,Motorola Smartwatch modelo 584 con características avanzadas
664,Tablet,Samsung,134.58,Samsung Tablet modelo 812 con características avanzadas
665,Tablet,Realme,578.65,Realme Tablet modelo 687 con características avanzadas
666,Accesorio,Motorola,368.85,Motorola Accesorio modelo 335 con características avanzadas
667,Smartwatch,Samsung,782.34,Samsung Smartwatch modelo 756 con características avanzadas
668,Accesorio,Sony,927.18,Sony Accesorio modelo 667 con características avanzadas
669,Smartphone,Realme,681.16,Realme Smartphone modelo 971 con características avanzadas
670,Smartwatch,Sony,889.55,Sony Smartwatch modelo 799 con características avanzadas
671,Tablet,Apple,273.73,Apple Tablet modelo 919 con características avanzadas
672,Smartphone,Sony,1065.91,Sony Smartphone modelo 109 con características avanzadas
673,Smartphone,Motorola,427.15,Motorola Smartphone modelo 853 con características avanzadas
674,Smartwatch,Sony,744.55,Sony Smartwatch modelo 453 con características avanzadas
675,Smartwatch,Motorola,192.54,Motorola Smartwatch modelo 183 con características avanzadas
676,Smartwatch,Huawei,343.01,Huawei Smartwatch modelo 297 con características avanzadas
677,Smartwatch,Realme,1478.86,Realme Smartwatch modelo 130 con características avanzadas
678,Smartphone,Huawei,1352.84,Huawei Smartphone modelo 675 con características avanzadas
679,Tablet,Xiaomi,1165.5,Xiaomi Tablet modelo 421 con características avanzadas
680,Tablet,Realme,1268.94,Realme Tablet modelo 416 con características avanzadas
681,Smartwatch,Motorola,404.82,Motorola Smartwatch modelo 923 con características avanzadas
682,Smartphone,Huawei,503.44,Huawei Smartphone modelo 547 con características avanzadas
683,Smartwatch,Samsung,1059.24,Samsung Smartwatch modelo 623 con características avanzadas
684,Smartwatch,Xiaomi,826.43,Xiaomi Smartwatch modelo 441 con características avanzadas
685,Smartwatch,Xiaomi,776.08,Xiaomi Smartwatch modelo 963 con características avanzadas
686,Accesorio,Huawei,630.47,Huawei Accesorio modelo 416 con características avanzadas
687,Accesorio,Xiaomi,298.27,Xiaomi Accesorio modelo 429 con características avanzadas
688,Smartwatch,Sony,393.2,Sony Smartwatch modelo 870 con características avanzadas
689,Smartphone,Sony,471.22,Sony Smartphone modelo 508 con características avanzadas
690,Smartphone,Sony,1170.7,Sony Smartphone modelo 481 con características avanzadas
691,Smartwatch,Sony,330.33,Sony Smartwatch modelo 778 con características avanzadas
692,Tablet,OnePlus,855.53,OnePlus Tablet modelo 329 con características avanzadas
693,Smartphone,Xiaomi,1247.27,Xiaomi Smartphone modelo 707 con características avanzadas
694,Accesorio,Motorola,149.63,Motorola Accesorio modelo 918 con características avanzadas
695,Smartwatch,OnePlus,247.88,OnePlus Smartwatch modelo 863 con características avanzadas
696,Tablet,Xiaomi,1245.0,Xiaomi Tablet modelo 787 con características avanzadas
697,Smartwatch,Apple,1321.66,Apple Smartwatch modelo 232 con características avanzadas
698,Tablet,Motorola,1406.21,Motorola Tablet modelo 622 con características avanzadas
699,Smartwatch,Realme,297.07,Realme Smartwatch modelo 420 con características avanzadas
700,Accesorio,Realme,1065.11,Realme Accesorio modelo 240 con características avanzadas
701,Tablet,Motorola,992.44,Motorola Tablet modelo 865 con características avanzadas
702,Accesorio,OnePlus,1208.58,OnePlus Accesorio modelo 212 con características avanzadas
703,Smartwatch,Realme,153.97,Realme Smartwatch modelo 683 con características avanzadas
704,Tablet,OnePlus,815.97,OnePlus Tablet modelo 593 con características avanzadas
705,Smartphone,Huawei,866.93,Huawei Smartphone modelo 238 con características avanzadas
706,Tablet,Sony,1332.29,Sony Tablet modelo 627 con características avanzadas
707,Tablet,Xiaomi,664.67,Xiaomi Tablet modelo 433 con características avanzadas
708,Accesorio,OnePlus,359.67,OnePlus Accesorio modelo 997 con características avanzadas
709,Smartwatch,Realme,1184.03,Realme Smartwatch modelo 306 con características avanzadas
710,Smartphone,Sony,1499.19,Sony Smartphone modelo 813 con características avanzadas
711,Accesorio,Xiaomi,880.14,Xiaomi Accesorio modelo 287 con características avanzadas
712,Smartwatch,Huawei,575.15,Huawei Smartwatch modelo 745 con características avanzadas
713,Smartwatch,Realme,840.06,Realme Smartwatch modelo 466 con características avanzadas
714,Smartwatch,Huawei,1253.57,Huawei Smartwatch modelo 819 con características avanzadas
715,Smartphone,Xiaomi,1298.79,Xiaomi Smartphone modelo 326 con características avanzadas
716,Smartwatch,Huawei,1348.43,Huawei Smartwatch modelo 733 con características avanzadas
717,Smartwatch,Realme,113.0,Realme Smartwatch modelo 624 con características avanzadas
718,Smartphone,Apple,329.75,Apple Smartphone modelo 410 con características avanzadas
719,Smartphone,Samsung,494.7,Samsung Smartphone modelo 188 con características avanzadas
720,Accesorio,OnePlus,985.56,OnePlus Accesorio modelo 449 con características avanzadas
721,Smartwatch,Huawei,256.8,Huawei Smartwatch modelo 944 con características avanzadas
722,Smartwatch,OnePlus,1243.25,OnePlus Smartwatch modelo 575 con características avanzadas
723,Tablet,Realme,701.12,Realme Tablet modelo 341 con características avanzadas
724,Smartphone,Realme,476.95,Realme Smartphone modelo 983 con características avanzadas
725,Accesorio,Huawei,1441.53,Huawei Accesorio modelo 585 con características avanzadas
726,Tablet,Samsung,997.99,Samsung Tablet modelo 942 con características avanzadas
727,Tablet,Samsung,102.89,Samsung Tablet modelo 496 con características avanzadas
728,Smartwatch,Huawei,398.08,Huawei Smartwatch modelo 986 con características avanzadas
729,Smartwatch,Realme,780.09,Realme Smartwatch modelo 475 con características avanzadas
730,Accesorio,Samsung,1129.34,Samsung Accesorio modelo 724 con características avanzadas
731,Smartwatch,OnePlus,773.23,OnePlus Smartwatch modelo 742 con características avanzadas
732,Accesorio,Huawei,861.25,Huawei Accesorio modelo 162 con características avanzadas
733,Accesorio,Realme,361.72,Realme Accesorio modelo 467 con características avanzadas
734,Tablet,Samsung,369.02,Samsung Tablet modelo 119 con características avanzadas
735,Smartwatch,Apple,241.18,Apple Smartwatch modelo 460 con características avanzadas
736,Accesorio,Motorola,201.53,Motorola Accesorio modelo 128 con características avanzadas
737,Smartphone,Huawei,602.56,Huawei Smartphone modelo 228 con características avanzadas
738,Accesorio,Xiaomi,1278.55,Xiaomi Accesorio modelo 579 con características avanzadas
739,Accesorio,Realme,1075.93,Realme Accesorio modelo 582 con características avanzadas
740,Smartwatch,Realme,1183.24,Realme Smartwatch modelo 626 con características avanzadas
741,Tablet,Sony,1087.93,Sony Tablet modelo 388 con características avanzadas
742,Smartwatch,Sony,674.35,Sony Smartwatch modelo 824 con características avanzadas
743,Accesorio,Huawei,805.94,Huawei Accesorio modelo 329 con características avanzadas
744,Tablet,Huawei,124.22,Huawei Tablet modelo 583 con características avanzadas
745,Tablet,OnePlus,1261.95,OnePlus Tablet modelo 847 con características avanzadas
746,Smartwatch,Sony,1130.37,Sony Smartwatch modelo 977 con características avanzadas
747,Smartphone,Huawei,776.46,Huawei Smartphone modelo 623 con características avanzadas
748,Tablet,Motorola,500.9,Motorola Tablet modelo 399 con características avanzadas
749,Smartwatch,Samsung,803.08,Samsung Smartwatch modelo 328 con características avanzadas
750,Accesorio,Apple,1080.18,Apple Accesorio modelo 765 con características avanzadas
751,Tablet,Xiaomi,1149.75,Xiaomi Tablet modelo 522 con características avanzadas
752,Smartphone,Xiaomi,942.42,Xiaomi Smartphone modelo 203 con características avanzadas
753,Tablet,OnePlus,643.09,OnePlus Tablet modelo 980 con características avanzadas
754,Accesorio,Samsung,166.68,Samsung Accesorio modelo 554 con características avanzadas
755,Tablet,Realme,1390.57,Realme Tablet modelo 154 con características avanzadas
756,Smartphone,Sony,381.83,Sony Smartphone modelo 171 con características avanzadas
757,Smartphone,OnePlus,981.63,OnePlus Smartphone modelo 901 con características avanzadas
758,Smartwatch,Xiaomi,673.03,Xiaomi Smartwatch modelo 986 con características avanzadas
759,Accesorio,Apple,462.6,Apple Accesorio modelo 457 con características avanzadas
760,Accesorio,Samsung,423.97,Samsung Accesorio modelo 681 con características avanzadas
761,Tablet,Xiaomi,1121.34,Xiaomi Tablet modelo 265 con características avanzadas
762,Accesorio,Sony,1043.99,Sony Accesorio modelo 213 con características avanzadas
763,Smartwatch,OnePlus,1018.46,OnePlus Smartwatch modelo 933 con características avanzadas
764,Smartphone,Sony,293.35,Sony Smartphone modelo 327 con características avanzadas
765,Smartphone,Motorola,683.83,Motorola Smartphone modelo 528 con características avanzadas
766,Smartphone,OnePlus,378.31,OnePlus Smartphone modelo 649 con características avanzadas
767,Accesorio,Apple,1365.85,Apple Accesorio modelo 241 con características avanzadas
768,Smartphone,Apple,1492.39,Apple Smartphone modelo 513 con características avanzadas
769,Accesorio,Xiaomi,762.96,Xiaomi Accesorio modelo 452 con características avanzadas
770,Smartwatch,Apple,636.43,Apple Smartwatch modelo 920 con características avanzadas
771,Tablet,Xiaomi,246.65,Xiaomi Tablet modelo 272 con características avanzadas
772,Accesorio,Realme,846.43,Realme Accesorio modelo 529 con características avanzadas
773,Smartwatch,Sony,874.46,Sony Smartwatch modelo 529 con características avanzadas
774,Smartphone,Realme,147.6,Realme Smartphone modelo 974 con características avanzadas
775,Tablet,Motorola,1415.45,Motorola Tablet modelo 321 con características avanzadas
776,Tablet,Apple,705.83,Apple Tablet modelo 995 con características avanzadas
777,Accesorio,Realme,829.33,Realme Accesorio modelo 550 con características avanzadas
778,Smartwatch,Realme,141.05,Realme Smartwatch modelo 354 con características avanzadas
779,Tablet,Motorola,662.19,Motorola Tablet modelo 645 con características avanzadas
780,Smartphone,OnePlus,1232.08,OnePlus Smartphone modelo 979 con características avanzadas
781,Smartphone,Xiaomi,150.25,Xiaomi Smartphone modelo 766 con características avanzadas
782,Smartwatch,Realme,1474.15,Realme Smartwatch modelo 472 con características avanzadas
783,Smartphone,Xiaomi,206.12,Xiaomi Smartphone modelo 523 con características avanzadas
784,Tablet,OnePlus,592.43,OnePlus Tablet modelo 748 con características avanzadas
785,Accesorio,Samsung,1355.11,Samsung Accesorio modelo 492 con características avanzadas
786,Smartphone,OnePlus,1436.54,OnePlus Smartphone modelo 819 con características avanzadas
787,Tablet,Apple,226.83,Apple Tablet modelo 688 con características avanzadas
788,Smartphone,Sony,713.31,Sony Smartphone modelo 210 con características avanzadas
789,Tablet,Huawei,1219.03,Huawei Tablet modelo 255 con características avanzadas
790,Accesorio,Sony,931.76,Sony Accesorio modelo 780 con características avanzadas
791,Smartwatch,Motorola,665.9,Motorola Smartwatch modelo 969 con características avanzadas
792,Smartwatch,Sony,620.73,Sony Smartwatch modelo 898 con características avanzadas
793,Accesorio,Huawei,532.62,Huawei Accesorio modelo 324 con características avanzadas
794,Smartphone,Sony,927.38,Sony Smartphone modelo 503 con características avanzadas
795,Accesorio,Sony,795.05,Sony Accesorio modelo 607 con características avanzadas
796,Smartwatch,Huawei,532.24,Huawei Smartwatch modelo 688 con características avanzadas
797,Tablet,Sony,446.32,Sony Tablet modelo 388 con características avanzadas
798,Smartphone,Apple,310.49,Apple Smartphone modelo 419 con características avanzadas
799,Smartphone,Huawei,1186.24,Huawei Smartphone modelo 588 con características avanzadas
800,Smartphone,Motorola,659.97,Motorola Smartphone modelo 479 con características avanzadas
801,Tablet,Sony,582.58,Sony Tablet modelo 815 con características avanzadas
802,Smartwatch,Samsung,311.61,Samsung Smartwatch modelo 342 con características avanzadas
803,Accesorio,Sony,1067.49,Sony Accesorio modelo 756 con características avanzadas
804,Smartwatch,OnePlus,381.53,OnePlus Smartwatch modelo 506 con características avanzadas
805,Accesorio,Samsung,1438.6,Samsung Accesorio modelo 561 con características avanzadas
806,Accesorio,Sony,232.11,Sony Accesorio modelo 278 con características avanzadas
807,Tablet,Sony,918.12,Sony Tablet modelo 753 con características avanzadas
808,Smartphone,Apple,1223.98,Apple Smartphone modelo 535 con características avanzadas
809,Smartwatch,Realme,1104.33,Realme Smartwatch modelo 932 con características avanzadas
810,Accesorio,Samsung,200.37,Samsung Accesorio modelo 623 con características avanzadas
811,Accesorio,Huawei,744.53,Huawei Accesorio modelo 311 con características avanzadas
812,Smartwatch,Motorola,1452.51,Motorola Smartwatch modelo 722 con características avanzadas
813,Accesorio,Motorola,918.8,Motorola Accesorio modelo 339 con características avanzadas
814,Smartphone,OnePlus,119.49,OnePlus Smartphone modelo 416 con características avanzadas
815,Accesorio,Motorola,648.66,Motorola Accesorio modelo 480 con características avanzadas
816,Smartphone,Samsung,1286.28,Samsung Smartphone modelo 505 con características avanzadas
817,Accesorio,Motorola,547.51,Motorola Accesorio modelo 634 con características avanzadas
818,Tablet,OnePlus,948.34,OnePlus Tablet modelo 442 con características avanzadas
819,Smartphone,OnePlus,374.67,OnePlus Smartphone modelo 919 con características avanzadas
820,Accesorio,OnePlus,310.31,OnePlus Accesorio modelo 825 con características avanzadas
821,Tablet,Apple,153.93,Apple Tablet modelo 161 con características avanzadas
822,Smartphone,OnePlus,346.46,OnePlus Smartphone modelo 469 con características avanzadas
823,Tablet,Realme,1434.98,Realme Tablet modelo 498 con características avanzadas
824,Accesorio,Motorola,968.84,Motorola Accesorio modelo 699 con características avanzadas
825,Accesorio,Realme,135.23,Realme Accesorio modelo 956 con características avanzadas
826,Accesorio,Huawei,413.06,Huawei Accesorio modelo 795 con características avanzadas
827,Smartwatch,Apple,922.81,Apple Smartwatch modelo 378 con características avanzadas
828,Smartwatch,Xiaomi,1102.4,Xiaomi Smartwatch modelo 447 con características avanzadas
829,Smartwatch,Sony,634.34,Sony Smartwatch modelo 869 con características avanzadas
830,Smartphone,OnePlus,461.63,OnePlus Smartphone modelo 588 con características avanzadas
831,Tablet,OnePlus,141.21,OnePlus Tablet modelo 386 con características avanzadas
832,Smartphone,Xiaomi,1066.77,Xiaomi Smartphone modelo 782 con características avanzadas
833,Tablet,Realme,852.45,Realme Tablet modelo 645 con características avanzadas
834,Smartphone,Apple,1295.14,Apple Smartphone modelo 378 con características avanzadas
835,Smartphone,Samsung,1188.91,Samsung Smartphone modelo 837 con características avanzadas
836,Smartwatch,Realme,1421.65,Realme Smartwatch modelo 748 con características avanzadas
837,Tablet,Realme,1487.94,Realme Tablet modelo 285 con características avanzadas
838,Accesorio,Apple,474.55,Apple Accesorio modelo 742 con características avanzadas
839,Smartphone,Realme,1087.34,Realme Smartphone modelo 961 con características avanzadas
840,Accesorio,OnePlus,422.41,OnePlus Accesorio modelo 140 con características avanzadas
841,Tablet,OnePlus,185.79,OnePlus Tablet modelo 124 con características avanzadas
842,Smartwatch,Huawei,993.9,Huawei Smartwatch modelo 662 con características avanzadas
843,Tablet,Motorola,386.88,Motorola Tablet modelo 867 con características avanzadas
844,Smartwatch,Huawei,1108.97,Huawei Smartwatch modelo 385 con características avanzadas
845,Smartphone,Realme,1217.46,Realme Smartphone modelo 648 con características avanzadas
846,Smartphone,Huawei,1371.01,Huawei Smartphone modelo 576 con características avanzadas
847,Smartwatch,Xiaomi,1373.03,Xiaomi Smartwatch modelo 357 con características avanzadas
848,Smartphone,OnePlus,937.96,OnePlus Smartphone modelo 972 con características avanzadas
849,Smartphone,Motorola,644.33,Motorola Smartphone modelo 675 con características avanzadas
850,Smartwatch,Sony,452.32,Sony Smartwatch modelo 905 con características avanzadas
851,Smartphone,Sony,839.55,Sony Smartphone modelo 953 con características avanzadas
852,Smartphone,Motorola,1081.2,Motorola Smartphone modelo 261 con características avanzadas
853,Smartwatch,Motorola,1099.41,Motorola Smartwatch modelo 447 con características avanzadas
854,Smartwatch,Sony,1053.8,Sony Smartwatch modelo 190 con características avanzadas
855,Smartphone,Xiaomi,685.58,Xiaomi Smartphone modelo 410 con características avanzadas
856,Smartwatch,Samsung,1420.01,Samsung Smartwatch modelo 359 con características avanzadas
857,Tablet,Xiaomi,1189.86,Xiaomi Tablet modelo 332 con características avanzadas
858,Smartphone,Motorola,911.78,Motorola Smartphone modelo 508 con características avanzadas
859,Tablet,Motorola,1132.54,Motorola Tablet modelo 504 con características avanzadas
860,Tablet,Sony,1227.17,Sony Tablet modelo 339 con características avanzadas
861,Smartwatch,Samsung,1431.03,Samsung Smartwatch modelo 336 con características avanzadas
862,Accesorio,OnePlus,333.2,OnePlus Accesorio modelo 128 con características avanzadas
863,Smartwatch,Sony,344.64,Sony Smartwatch modelo 809 con características avanzadas
864,Smartwatch,Xiaomi,169.33,Xiaomi Smartwatch modelo 543 con características avanzadas
865,Smartphone,Huawei,367.7,Huawei Smartphone modelo 341 con características avanzadas
866,Smartwatch,Huawei,445.42,Huawei Smartwatch modelo 888 con características avanzadas
867,Smartwatch,OnePlus,1210.71,OnePlus Smartwatch modelo 329 con características avanzadas
868,Smartwatch,OnePlus,962.66,OnePlus Smartwatch modelo 673 con características avanzadas
869,Smartphone,Apple,938.49,Apple Smartphone modelo 826 con características avanzadas
870,Tablet,Huawei,1106.95,Huawei Tablet modelo 249 con características avanzadas
871,Tablet,Sony,254.29,Sony Tablet modelo 202 con características avanzadas
872,Smartwatch,Apple,871.88,Apple Smartwatch modelo 481 con características avanzadas
873,Accesorio,Huawei,718.23,Huawei Accesorio modelo 499 con características avanzadas
874,Smartphone,Apple,180.08,Apple Smartphone modelo 101 con características avanzadas
875,Tablet,Samsung,692.87,Samsung Tablet modelo 579 con características avanzadas
876,Accesorio,Huawei,302.75,Huawei Accesorio modelo 725 con características avanzadas
877,Accesorio,Motorola,616.9,Motorola Accesorio modelo 597 con características avanzadas
878,Smartwatch,Samsung,898.87,Samsung Smartwatch modelo 614 con características avanzadas
879,Smartwatch,Motorola,1250.52,Motorola Smartwatch modelo 151 con características avanzadas
880,Tablet,Realme,351.01,Realme Tablet modelo 185 con características avanzadas
881,Smartphone,Sony,260.7,Sony Smartphone modelo 426 con características avanzadas
882,Smartwatch,Samsung,1367.13,Samsung Smartwatch modelo 315 con características avanzadas
883,Accesorio,Realme,881.02,Realme Accesorio modelo 346 con características avanzadas
884,Accesorio,Xiaomi,1300.59,Xiaomi Accesorio modelo 361 con características avanzadas
885,Smartwatch,Apple,227.44,Apple Smartwatch modelo 377 con características avanzadas
886,Accesorio,Samsung,1392.05,Samsung Accesorio modelo 698 con características avanzadas
887,Smartwatch,Realme,470.46,Realme Smartwatch modelo 776 con características avanzadas
888,Accesorio,Apple,975.21,Apple Accesorio modelo 690 con características avanzadas
889,Tablet,OnePlus,1076.2,OnePlus Tablet modelo 124 con características avanzadas
890,Smartwatch,Samsung,1413.63,Samsung Smartwatch modelo 517 con características avanzadas
891,Smartwatch,OnePlus,261.95,OnePlus Smartwatch modelo 478 con características avanzadas
892,Smartwatch,Apple,946.0,Apple Smartwatch modelo 168 con características avanzadas
893,Smartwatch,Huawei,108.26,Huawei Smartwatch modelo 939 con características avanzadas
894,Accesorio,Samsung,960.78,Samsung Accesorio modelo 161 con características avanzadas
895,Tablet,Motorola,249.24,Motorola Tablet modelo 524 con características avanzadas
896,Smartphone,Motorola,568.83,Motorola Smartphone modelo 260 con características avanzadas
897,Smartwatch,Apple,1149.39,Apple Smartwatch modelo 496 con características avanzadas
898,Accesorio,Samsung,306.8,Samsung Accesorio modelo 108 con características avanzadas
899,Smartphone,Sony,1169.01,Sony Smartphone modelo 265 con características avanzadas
900,Smartwatch,Huawei,1254.02,Huawei Smartwatch modelo 154 con características avanzadas
901,Tablet,OnePlus,1169.36,OnePlus Tablet modelo 851 con características avanzadas
902,Accesorio,Samsung,238.47,Samsung Accesorio modelo 172 con características avanzadas
903,Accesorio,Samsung,783.61,Samsung Accesorio modelo 511 con características avanzadas
904,Accesorio,Samsung,1476.71,Samsung Accesorio modelo 594 con características avanzadas
905,Smartwatch,Apple,223.84,Apple Smartwatch modelo 195 con características avanzadas
906,Accesorio,Samsung,112.21,Samsung Accesorio modelo 154 con características avanzadas
907,Tablet,Sony,491.67,Sony Tablet modelo 715 con características avanzadas
908,Smartwatch,OnePlus,904.64,OnePlus Smartwatch modelo 469 con características avanzadas
909,Smartphone,Samsung,764.96,Samsung Smartphone modelo 796 con características avanzadas
910,Tablet,Samsung,981.12,Samsung Tablet modelo 969 con características avanzadas
911,Smartphone,Apple,966.78,Apple Smartphone modelo 299 con características avanzadas
912,Smartphone,Samsung,272.52,Samsung Smartphone modelo 579 con características avanzadas
913,Smartwatch,Apple,719.2,Apple Smartwatch modelo 232 con características avanzadas
914,Smartphone,Xiaomi,1066.6,Xiaomi Smartphone modelo 343 con características avanzadas
915,Smartphone,Huawei,1005.22,Huawei Smartphone modelo 960 con características avanzadas
916,Smartwatch,Xiaomi,225.4,Xiaomi Smartwatch modelo 270 con características avanzadas
917,Accesorio,Xiaomi,613.42,Xiaomi Accesorio modelo 246 con características avanzadas
918,Smartphone,Apple,986.93,Apple Smartphone modelo 369 con características avanzadas
919,Smartwatch,Apple,228.0,Apple Smartwatch modelo 810 con características avanzadas
920,Tablet,Sony,692.61,Sony Tablet modelo 137 con características avanzadas
921,Smartwatch,OnePlus,859.72,OnePlus Smartwatch modelo 106 con características avanzadas
922,Smartphone,Huawei,764.73,Huawei Smartphone modelo 966 con características avanzadas
923,Smartphone,Apple,238.72,Apple Smartphone modelo 994 con características avanzadas
924,Accesorio,Samsung,641.21,Samsung Accesorio modelo 722 con características avanzadas
925,Smartphone,Realme,668.3,Realme Smartphone modelo 561 con características avanzadas
926,Smartphone,Xiaomi,496.8,Xiaomi Smartphone modelo 253 con características avanzadas
927,Accesorio,Huawei,1422.84,Huawei Accesorio modelo 354 con características avanzadas
928,Accesorio,Apple,563.41,Apple Accesorio modelo 149 con características avanzadas
929,Tablet,OnePlus,1162.26,OnePlus Tablet modelo 799 con características avanzadas
930,Smartwatch,Motorola,1328.12,Motorola Smartwatch modelo 161 con características avanzadas
931,Accesorio,Huawei,1164.96,Huawei Accesorio modelo 296 con características avanzadas
932,Smartphone,Huawei,978.15,Huawei Smartphone modelo 184 con características avanzadas
933,Tablet,Samsung,609.45,Samsung Tablet modelo 426 con características avanzadas
934,Smartphone,Sony,534.94,Sony Smartphone modelo 895 con características avanzadas
935,Accesorio,OnePlus,146.62,OnePlus Accesorio modelo 279 con características avanzadas
936,Accesorio,Apple,389.74,Apple Accesorio modelo 302 con características avanzadas
937,Accesorio,Motorola,242.33,Motorola Accesorio modelo 382 con características avanzadas
938,Tablet,Motorola,730.1,Motorola Tablet modelo 191 con características avanzadas
939,Accesorio,Sony,1481.49,Sony Accesorio modelo 390 con características avanzadas
940,Accesorio,Huawei,1276.13,Huawei Accesorio modelo 975 con características avanzadas
941,Smartwatch,Samsung,852.3,Samsung Smartwatch modelo 508 con características avanzadas
942,Smartwatch,Huawei,111.88,Huawei Smartwatch modelo 683 con características avanzadas
943,Accesorio,Samsung,1164.2,Samsung Accesorio modelo 740 con características avanzadas
944,Smartphone,Samsung,339.67,Samsung Smartphone modelo 670 con características avanzadas
945,Tablet,Huawei,319.44,Huawei Tablet modelo 465 con características avanzadas
946,Accesorio,Apple,1413.58,Apple Accesorio modelo 871 con características avanzadas
947,Accesorio,Apple,659.08,Apple Accesorio modelo 426 con características avanzadas
948,Smartwatch,Apple,1102.28,Apple Smartwatch modelo 395 con características avanzadas
949,Tablet,Apple,864.38,Apple Tablet modelo 196 con características avanzadas
950,Smartphone,Samsung,407.77,Samsung Smartphone modelo 881 con características avanzadas
951,Tablet,OnePlus,536.04,OnePlus Tablet modelo 939 con características avanzadas
952,Accesorio,Samsung,1316.56,Samsung Accesorio modelo 675 con características avanzadas
953,Tablet,Motorola,652.87,Motorola Tablet modelo 989 con características avanzadas
954,Smartphone,Huawei,163.88,Huawei Smartphone modelo 991 con características avanzadas
955,Smartwatch,Sony,1404.4,Sony Smartwatch modelo 103 con características avanzadas
956,Accesorio,OnePlus,997.02,OnePlus Accesorio modelo 919 con características avanzadas
957,Accesorio,Huawei,433.64,Huawei Accesorio modelo 400 con características avanzadas
958,Accesorio,OnePlus,770.39,OnePlus Accesorio modelo 140 con características avanzadas
959,Accesorio,Samsung,843.08,Samsung Accesorio modelo 895 con características avanzadas
960,Smartwatch,Realme,252.25,Realme Smartwatch modelo 864 con características avanzadas
961,Accesorio,Motorola,280.99,Motorola Accesorio modelo 184 con características avanzadas
962,Smartphone,Samsung,1029.33,Samsung Smartphone modelo 927 con características avanzadas
963,Accesorio,OnePlus,1330.12,OnePlus Accesorio modelo 691 con características avanzadas
964,Accesorio,Huawei,767.77,Huawei Accesorio modelo 604 con características avanzadas
965,Tablet,Huawei,1329.65,Huawei Tablet modelo 643 con características avanzadas
966,Tablet,Apple,1290.78,Apple Tablet modelo 656 con características avanzadas
967,Tablet,Motorola,1455.39,Motorola Tablet modelo 678 con características avanzadas
968,Smartwatch,Sony,1345.61,Sony Smartwatch modelo 903 con características avanzadas
969,Smartwatch,Apple,995.12,Apple Smartwatch modelo 422 con características avanzadas
970,Smartwatch,Huawei,489.16,Huawei Smartwatch modelo 596 con características avanzadas
971,Tablet,OnePlus,938.18,OnePlus Tablet modelo 893 con características avanzadas
972,Tablet,Motorola,1105.05,Motorola Tablet modelo 609 con características avanzadas
973,Smartwatch,Huawei,1070.87,Huawei Smartwatch modelo 685 con características avanzadas
974,Accesorio,Samsung,1195.89,Samsung Accesorio modelo 865 con características avanzadas
975,Smartphone,Apple,815.84,Apple Smartphone modelo 148 con características avanzadas
976,Tablet,Sony,955.93,Sony Tablet modelo 171 con características avanzadas
977,Accesorio,Samsung,224.9,Samsung Accesorio modelo 694 con características avanzadas
978,Tablet,Huawei,978.44,Huawei Tablet modelo 419 con características avanzadas
979,Smartphone,Realme,973.8,Realme Smartphone modelo 238 con características avanzadas
980,Smartphone,Apple,540.81,Apple Smartphone modelo 520 con características avanzadas
981,Tablet,OnePlus,361.17,OnePlus Tablet modelo 279 con características avanzadas
982,Accesorio,OnePlus,1128.9,OnePlus Accesorio modelo 154 con características avanzadas
983,Smartwatch,Xiaomi,1120.83,Xiaomi Smartwatch modelo 737 con características avanzadas
984,Smartphone,Samsung,198.98,Samsung Smartphone modelo 952 con características avanzadas
985,Tablet,Xiaomi,1083.89,Xiaomi Tablet modelo 132 con características avanzadas
986,Smartwatch,Sony,121.12,Sony Smartwatch modelo 719 con características avanzadas
987,Smartphone,Sony,640.19,Sony Smartphone modelo 527 con características avanzadas
988,Smartphone,Sony,1435.45,Sony Smartphone modelo 626 con características avanzadas
989,Smartphone,Apple,509.89,Apple Smartphone modelo 754 con características avanzadas
990,Accesorio,OnePlus,231.15,OnePlus Accesorio modelo 919 con características avanzadas
991,Tablet,Huawei,1413.09,Huawei Tablet modelo 495 con características avanzadas
992,Tablet,Xiaomi,719.22,Xiaomi Tablet modelo 339 con características avanzadas
993,Tablet,Motorola,744.14,Motorola Tablet modelo 348 con características avanzadas
994,Smartphone,Samsung,1445.57,Samsung Smartphone modelo 662 con características avanzadas
995,Smartwatch,Motorola,1191.47,Motorola Smartwatch modelo 825 con características avanzadas
996,Smartphone,Apple,1188.62,Apple Smartphone modelo 239 con características avanzadas
997,Tablet,Sony,1300.88,Sony Tablet modelo 588 con características avanzadas
998,Smartphone,Motorola,1284.16,Motorola Smartphone modelo 336 con características avanzadas
999,Smartwatch,Realme,709.98,Realme Smartwatch modelo 189 con características avanzadas
1000,Smartphone,Motorola,1461.14,Motorola Smartphone modelo 823 con características avanzadas
